title,content,platform,published_date,url,sentiment,confidence
"부안읍 지사협, 제77호 착한 가게 '프리모 카페' 현판 전달","주요서비스 바로가기본문 바로가기매체정보 바로가기로그인 바로가기기사검색 바로가기전체서비스 바로가기전체메뉴 버튼독자마당자유게시판복덕방구인구직투고 제보구독신청뉴스정치 행정경제 생활문화 교육사회 지역관광 스포츠농림축산어업기획 연재기획 특집연재사람들클릭 이사람새 인물인사오피니언사설 칼럼독자발언대동영상뉴스전북권뉴스최종편집2025 05 30 11 17 금 로그인회원가입뉴스전체정치 행정경제 생활문화 교육사회 지역관광 스포츠농림축산어업기획 연재전체기획 특집연재사람들전체클릭 이사람새 인물인사귀농귀촌 신고합니다인터뷰오피니언전체사설 칼럼독자발언대기고동영상뉴스전체동영상 컨텐츠동영상뉴스전북권뉴스전체전북권뉴스주요뉴스많이 본 뉴스구독신청투고 제보기사검색검색실시간스마트 수변도시도 김제로 군민들 당장 철회하라 한 목소리 편집국에서 RE100 산단에 묻힌 주민 결정권격포 대규모 관광개발사업, 진입도로 기공식 한 지가 언젠데 내년 초 공사 착수 예정 오디세이 박정근의 귀향 이야기 12 세월의 무덤에 묻힌 사춘기의 문학적 환상 민주주의와 풀뿌리 자치 국민주권은 표심 그대로 선거제도부터 녹색 시선 고래도 뜨거운 바다를 싫어해강민숙 시인, 소년공 재명이가 부르는 노래 출간 내가 좋아하는 글귀 씨뿌려거두고 작은농장 할머니 글 65 아직 파아란 밀밭 보며 부동산일자리구독신청기사제보현재위치뉴스경제 생활부안읍 지사협, 제77호 착한 가게 프리모 카페 현판 전달김종철 기자제보입력 2025.05.30 10 16페이스북 으 로 기사보내기트위터 으 로 기사보내기카카오스토리 으 로 기사보내기URL복사 으 로 기사보내기다른 공유 찾기이 기사를 공유합니다페이스북 으 로 기사보내기트위터 으 로 기사보내기카카오스토리 으 로 기사보내기URL복사 으 로 기사보내기닫기바로가기기사스크랩하기복사하기본문 글씨 키우기본문 글씨 줄이기부안군 부안읍 지역사회보장협의체 공공위원장 한동일 는 지난 28일 프리모 카페를 제77호 착한 가게로 선정하고 현판 전달식을 진행했다고 밝혔다.이날 행사에는 김명순 프리모 카페 대표와 김정 부안읍 지역사회보장협의체 위원장, 한동일 부안읍장 등 관계자들이 참석해 나눔 실천에 대한 감사와 격려의 뜻을 나눴다.착한 가게는 소상공인이 매출의 일부를 정기적으로 기부해 지역사회 내 어려운 이웃을 돕는 참여형 나눔 캠페인이다.김명순 대표는 작은 나눔이지만 지역사회에 따뜻한 마음이 전해지기를 바란다 며 앞으로도 이웃과 함께하는 카페가 되도록 노력하겠다 고 말했다.김정 위원장은 코로나19 이후 지역경제가 어려운 상황에서도 착한 가게에 참여해 주신 김명순 대표께 깊이 감사드린다 며 소중한 기부금은 복지 사각지대 해소를 위해 투명하고 따뜻하게 사용하겠다 고 고마움을 전했다.한동일 부안읍장은 착한 가게 캠페인은 지역공동체 회복의 중요한 기반 이라며 앞으로도 행정과 민간이 협력해 더 많은 나눔 가게가 늘어날 수 있도록 적극 지원하겠다 고 강조했다.저작권자 부안독립신문 무단전재 및 재배포 금지개의 댓글회원로그인작성자비밀번호댓글 내용입력0 400등록댓글 정렬최신순추천순답글순BEST댓글BEST 댓글답글과 추천수를 합산하여 자동으로 노출됩니다.닫기더보기댓글삭제삭제한 댓글은 다시 복구할 수 없습니다.그래도 삭제하시겠습니까?비밀번호삭제닫기댓글수정댓글 수정은 작성 후 1분내에만 가능합니다.본문 400비밀번호수정닫기내 댓글 모음닫기많이 본 뉴스1제21대 대통령선거, 후보 등록 마치고 본격 일정 시작2부안 딸기 농장서 힐링한 일본 관광객들, 내년에도 오고 싶어요 3제12회 마실축제, 주제 없는 축제를 없애야 할 이유 보여줘4 직격 인터뷰 권익현 부안군수, 양육점과 송전탑은 RE100 산단 조성의 필수 요건 5백산초, 스승의 날 기념 특별한 장학금 전달식 가져주요뉴스 편집국에서 RE100 산단에 묻힌 주민 결정권격포 대규모 관광개발사업, 진입도로 기공식 한 지가 언젠데 내년 초 공사 착수 예정 오디세이 박정근의 귀향 이야기 12 세월의 무덤에 묻힌 사춘기의 문학적 환상 민주주의와 풀뿌리 자치 국민주권은 표심 그대로 선거제도부터포토뉴스 카메라 고발 마실 축제를 알리는 첫 신호탄은 공사판 카메라 고발 제초제로 뒤덮이는 신운천과 해뜰마루 산책길 포토뉴스 백산성에서 바라본 을사년 새해 일출헤드라인 뉴스스마트 수변도시도 김제로 군민들 당장 철회하라 한 목소리 직격 인터뷰 권익현 부안군수, 양육점과 송전탑은 RE100 산단 조성의 필수 요건 제12회 마실축제, 주제 없는 축제를 없애야 할 이유 보여줘송전탑대책위, 부안군은 입장을 밝혀라 성명내고 질의서 전달해전라북도 부안군 번영로 96, 3층대표전화 063 581 8787팩스 063 581 8788부안독립신문제호 부안독립신문등록번호 전북 다 01198등록일 2004 09 08발행일 2004 09 22발행인 김재성편집인 김종철청소년보호책임자 우병길Copyright 2025 부안독립신문.Allrights reserved.매체소개투고 제보이용약관개인정보처리방침청소년보호정책저작권보호정책이메일무단수집거부위로모바일버전전체기사뉴스전체정치 행정경제 생활문화 교육사회 지역관광 스포츠농림축산어업기획 연재전체기획 특집연재사람들전체클릭 이사람새 인물인사귀농귀촌 신고합니다인터뷰오피니언전체사설 칼럼독자발언대기고동영상뉴스전체동영상 컨텐츠동영상뉴스전북권뉴스전체전북권뉴스전체메뉴닫기",naver_news_api,30202510,https://www.ibuan.com/news/articleView.html?idxno=54385,0,0.3662596046924591
"부안군 약사회, 근농인재육성장학금 500만원 기탁","주요서비스 바로가기본문 바로가기매체정보 바로가기로그인 바로가기기사검색 바로가기전체서비스 바로가기전체메뉴 버튼독자마당자유게시판복덕방구인구직투고 제보구독신청뉴스정치 행정경제 생활문화 교육사회 지역관광 스포츠농림축산어업기획 연재기획 특집연재사람들클릭 이사람새 인물인사오피니언사설 칼럼독자발언대동영상뉴스전북권뉴스최종편집2025 05 30 11 17 금 로그인회원가입뉴스전체정치 행정경제 생활문화 교육사회 지역관광 스포츠농림축산어업기획 연재전체기획 특집연재사람들전체클릭 이사람새 인물인사귀농귀촌 신고합니다인터뷰오피니언전체사설 칼럼독자발언대기고동영상뉴스전체동영상 컨텐츠동영상뉴스전북권뉴스전체전북권뉴스주요뉴스많이 본 뉴스구독신청투고 제보기사검색검색실시간스마트 수변도시도 김제로 군민들 당장 철회하라 한 목소리 편집국에서 RE100 산단에 묻힌 주민 결정권격포 대규모 관광개발사업, 진입도로 기공식 한 지가 언젠데 내년 초 공사 착수 예정 오디세이 박정근의 귀향 이야기 12 세월의 무덤에 묻힌 사춘기의 문학적 환상 민주주의와 풀뿌리 자치 국민주권은 표심 그대로 선거제도부터 녹색 시선 고래도 뜨거운 바다를 싫어해강민숙 시인, 소년공 재명이가 부르는 노래 출간 내가 좋아하는 글귀 씨뿌려거두고 작은농장 할머니 글 65 아직 파아란 밀밭 보며 부동산일자리구독신청기사제보현재위치뉴스문화 교육부안군 약사회, 근농인재육성장학금 500만원 기탁김종철 기자제보입력 2025.05.30 10 18페이스북 으 로 기사보내기트위터 으 로 기사보내기카카오스토리 으 로 기사보내기URL복사 으 로 기사보내기다른 공유 찾기이 기사를 공유합니다페이스북 으 로 기사보내기트위터 으 로 기사보내기카카오스토리 으 로 기사보내기URL복사 으 로 기사보내기닫기바로가기기사스크랩하기복사하기본문 글씨 키우기본문 글씨 줄이기부안군 약사회는 지난 28일 부안군 근농인재육성재단을 찾아 장학금 500만원을 기탁했다.부안군 약사회는 관내 30개소 약국 커뮤니티로 정신건강복지센터와 협업하여 생명사랑약국 업무 등을 통해 군민의 정신 건강을 돌보고, 지역인재 육성을 위한 장학금을 기부하는 등 사회 환원에 힘쓰고 있다.지난 2022년 500만원 기부에 이어 근농인재육성재단을 찾아 준 부안군 약사회 김재성 회장은 작은 정성이지만 의지가 있는 학생들이 학업의 기회를 갖는데 도움이 되었으면 한다. 며 부안군 약사회가 앞으로도 지속적인 관심을 갖고 지역 학생들을 응원하겠다. 며 관내 소외계층 및 장학혜택이 필요한 학생들에 대한 애정을 드러냈다.권익현 근농인재육성재단 이사장은 기부해주신 장학금을 청년들이 더 나은 미래를 꿈꾸는 데 쓰일 수 있도록 노력하겠다 며 장학금 기탁에 대한 고마운 마음을 전했다.근농인재육성재단에 기부된 장학금은 반값등록금, 다자녀장학금, 특기장학금, 대학 비진학자 창업 취업을 위한 학원비 지원금 등 부안 출신 학생들을 지원하는 장학사업에 쓰이고 있다. 월 1만원 이상의 CMS 정기기부를 통해 청년들을 응원하는 장학사업에 동참할 수 있다.저작권자 부안독립신문 무단전재 및 재배포 금지개의 댓글회원로그인작성자비밀번호댓글 내용입력0 400등록댓글 정렬최신순추천순답글순BEST댓글BEST 댓글답글과 추천수를 합산하여 자동으로 노출됩니다.닫기더보기댓글삭제삭제한 댓글은 다시 복구할 수 없습니다.그래도 삭제하시겠습니까?비밀번호삭제닫기댓글수정댓글 수정은 작성 후 1분내에만 가능합니다.본문 400비밀번호수정닫기내 댓글 모음닫기많이 본 뉴스1제21대 대통령선거, 후보 등록 마치고 본격 일정 시작2부안 딸기 농장서 힐링한 일본 관광객들, 내년에도 오고 싶어요 3제12회 마실축제, 주제 없는 축제를 없애야 할 이유 보여줘4 직격 인터뷰 권익현 부안군수, 양육점과 송전탑은 RE100 산단 조성의 필수 요건 5백산초, 스승의 날 기념 특별한 장학금 전달식 가져주요뉴스 편집국에서 RE100 산단에 묻힌 주민 결정권격포 대규모 관광개발사업, 진입도로 기공식 한 지가 언젠데 내년 초 공사 착수 예정 오디세이 박정근의 귀향 이야기 12 세월의 무덤에 묻힌 사춘기의 문학적 환상 민주주의와 풀뿌리 자치 국민주권은 표심 그대로 선거제도부터포토뉴스 카메라 고발 마실 축제를 알리는 첫 신호탄은 공사판 카메라 고발 제초제로 뒤덮이는 신운천과 해뜰마루 산책길 포토뉴스 백산성에서 바라본 을사년 새해 일출헤드라인 뉴스스마트 수변도시도 김제로 군민들 당장 철회하라 한 목소리 직격 인터뷰 권익현 부안군수, 양육점과 송전탑은 RE100 산단 조성의 필수 요건 제12회 마실축제, 주제 없는 축제를 없애야 할 이유 보여줘송전탑대책위, 부안군은 입장을 밝혀라 성명내고 질의서 전달해전라북도 부안군 번영로 96, 3층대표전화 063 581 8787팩스 063 581 8788부안독립신문제호 부안독립신문등록번호 전북 다 01198등록일 2004 09 08발행일 2004 09 22발행인 김재성편집인 김종철청소년보호책임자 우병길Copyright 2025 부안독립신문.Allrights reserved.매체소개투고 제보이용약관개인정보처리방침청소년보호정책저작권보호정책이메일무단수집거부위로모바일버전전체기사뉴스전체정치 행정경제 생활문화 교육사회 지역관광 스포츠농림축산어업기획 연재전체기획 특집연재사람들전체클릭 이사람새 인물인사귀농귀촌 신고합니다인터뷰오피니언전체사설 칼럼독자발언대기고동영상뉴스전체동영상 컨텐츠동영상뉴스전북권뉴스전체전북권뉴스전체메뉴닫기",naver_news_api,30202510,https://www.ibuan.com/news/articleView.html?idxno=54387,0,0.3662596046924591
"부안군, 2025년 상반기 규제개혁 경진대회 개최","주요서비스 바로가기본문 바로가기매체정보 바로가기로그인 바로가기기사검색 바로가기전체서비스 바로가기전체메뉴 버튼독자마당자유게시판복덕방구인구직투고 제보구독신청뉴스정치 행정경제 생활문화 교육사회 지역관광 스포츠농림축산어업기획 연재기획 특집연재사람들클릭 이사람새 인물인사오피니언사설 칼럼독자발언대동영상뉴스전북권뉴스최종편집2025 05 30 11 17 금 로그인회원가입뉴스전체정치 행정경제 생활문화 교육사회 지역관광 스포츠농림축산어업기획 연재전체기획 특집연재사람들전체클릭 이사람새 인물인사귀농귀촌 신고합니다인터뷰오피니언전체사설 칼럼독자발언대기고동영상뉴스전체동영상 컨텐츠동영상뉴스전북권뉴스전체전북권뉴스주요뉴스많이 본 뉴스구독신청투고 제보기사검색검색실시간스마트 수변도시도 김제로 군민들 당장 철회하라 한 목소리 편집국에서 RE100 산단에 묻힌 주민 결정권격포 대규모 관광개발사업, 진입도로 기공식 한 지가 언젠데 내년 초 공사 착수 예정 오디세이 박정근의 귀향 이야기 12 세월의 무덤에 묻힌 사춘기의 문학적 환상 민주주의와 풀뿌리 자치 국민주권은 표심 그대로 선거제도부터 녹색 시선 고래도 뜨거운 바다를 싫어해강민숙 시인, 소년공 재명이가 부르는 노래 출간 내가 좋아하는 글귀 씨뿌려거두고 작은농장 할머니 글 65 아직 파아란 밀밭 보며 부동산일자리구독신청기사제보현재위치뉴스정치 행정부안군, 2025년 상반기 규제개혁 경진대회 개최김종철 기자제보입력 2025.05.30 10 18페이스북 으 로 기사보내기트위터 으 로 기사보내기카카오스토리 으 로 기사보내기URL복사 으 로 기사보내기다른 공유 찾기이 기사를 공유합니다페이스북 으 로 기사보내기트위터 으 로 기사보내기카카오스토리 으 로 기사보내기URL복사 으 로 기사보내기닫기바로가기기사스크랩하기복사하기본문 글씨 키우기본문 글씨 줄이기부안군은 지난 27일 2025년 상반기 규제개혁 경진대회를 개최하고 우수사례 6건 최우수 1건, 우수 2건, 장려 3건 을 선정했다고 밝혔다.이번 대회는 불합리하고 비효율적인 행정절차로 기업의 부담과 군민 생활 불편을 야기하는 행정규제를 발굴해 개선 방안을 찾기 위해 실시됐다.최종 심사 결과 해양수산과 김태옥 주무관의 양식장 관리선 사용승인 유효기간 제한 폐지 가 최우수 과제로 선정됐다.또 우수상은 위도면 허윤석 주무관의 도서지역 수의계약 추정가격 완화 민원과 손유미 주무관의 빈집 정비 철거 건축물 해체 철거 신고 대상 현실화 가, 장려상은 자치행정담당관 최창열 주무관의 외국인 계절근로자 채용기간 통합 운영 농촌활력과 유지영 주무관의 도시지역 빈집 재생 활용 시 도시민박업 규제 완화 근거 마련 농업정책과 김종열 주무관의 스마트팜 운영 전력 요금 체계 개선을 위한 농사용 전기 범위 확대 가 차지했다.이번에 발굴된 우수사례는 상위법령 개정을 위해 중앙부처에 건의할 예정이며 하반기에는 자치법규 개선을 테마로 한 경진대회를 개최해 규제 발굴을 추진할 계획이다.정화영 부안군 규제개혁위원장은 행정의 불합리로 불편을 겪는 군민이 없도록 더 많은 관심을 갖고 규제 발굴을 위해 적극적인 자세로 임해 달라 며 지속적인 개선 건의를 통해 지역발전과 민생경제 활성화에 기여하도록 노력하겠다 고 말했다.저작권자 부안독립신문 무단전재 및 재배포 금지개의 댓글회원로그인작성자비밀번호댓글 내용입력0 400등록댓글 정렬최신순추천순답글순BEST댓글BEST 댓글답글과 추천수를 합산하여 자동으로 노출됩니다.닫기더보기댓글삭제삭제한 댓글은 다시 복구할 수 없습니다.그래도 삭제하시겠습니까?비밀번호삭제닫기댓글수정댓글 수정은 작성 후 1분내에만 가능합니다.본문 400비밀번호수정닫기내 댓글 모음닫기많이 본 뉴스1제21대 대통령선거, 후보 등록 마치고 본격 일정 시작2부안 딸기 농장서 힐링한 일본 관광객들, 내년에도 오고 싶어요 3제12회 마실축제, 주제 없는 축제를 없애야 할 이유 보여줘4 직격 인터뷰 권익현 부안군수, 양육점과 송전탑은 RE100 산단 조성의 필수 요건 5백산초, 스승의 날 기념 특별한 장학금 전달식 가져주요뉴스 편집국에서 RE100 산단에 묻힌 주민 결정권격포 대규모 관광개발사업, 진입도로 기공식 한 지가 언젠데 내년 초 공사 착수 예정 오디세이 박정근의 귀향 이야기 12 세월의 무덤에 묻힌 사춘기의 문학적 환상 민주주의와 풀뿌리 자치 국민주권은 표심 그대로 선거제도부터포토뉴스 카메라 고발 마실 축제를 알리는 첫 신호탄은 공사판 카메라 고발 제초제로 뒤덮이는 신운천과 해뜰마루 산책길 포토뉴스 백산성에서 바라본 을사년 새해 일출헤드라인 뉴스스마트 수변도시도 김제로 군민들 당장 철회하라 한 목소리 직격 인터뷰 권익현 부안군수, 양육점과 송전탑은 RE100 산단 조성의 필수 요건 제12회 마실축제, 주제 없는 축제를 없애야 할 이유 보여줘송전탑대책위, 부안군은 입장을 밝혀라 성명내고 질의서 전달해전라북도 부안군 번영로 96, 3층대표전화 063 581 8787팩스 063 581 8788부안독립신문제호 부안독립신문등록번호 전북 다 01198등록일 2004 09 08발행일 2004 09 22발행인 김재성편집인 김종철청소년보호책임자 우병길Copyright 2025 부안독립신문.Allrights reserved.매체소개투고 제보이용약관개인정보처리방침청소년보호정책저작권보호정책이메일무단수집거부위로모바일버전전체기사뉴스전체정치 행정경제 생활문화 교육사회 지역관광 스포츠농림축산어업기획 연재전체기획 특집연재사람들전체클릭 이사람새 인물인사귀농귀촌 신고합니다인터뷰오피니언전체사설 칼럼독자발언대기고동영상뉴스전체동영상 컨텐츠동영상뉴스전북권뉴스전체전북권뉴스전체메뉴닫기",naver_news_api,30202510,https://www.ibuan.com/news/articleView.html?idxno=54388,0,0.3662596046924591
"부안군-농촌진흥청, 벼 마른논 써레질 재배기술 현장 연시회","주요서비스 바로가기본문 바로가기매체정보 바로가기로그인 바로가기기사검색 바로가기전체서비스 바로가기전체메뉴 버튼독자마당자유게시판복덕방구인구직투고 제보구독신청뉴스정치 행정경제 생활문화 교육사회 지역관광 스포츠농림축산어업기획 연재기획 특집연재사람들클릭 이사람새 인물인사오피니언사설 칼럼독자발언대동영상뉴스전북권뉴스최종편집2025 05 30 11 17 금 로그인회원가입뉴스전체정치 행정경제 생활문화 교육사회 지역관광 스포츠농림축산어업기획 연재전체기획 특집연재사람들전체클릭 이사람새 인물인사귀농귀촌 신고합니다인터뷰오피니언전체사설 칼럼독자발언대기고동영상뉴스전체동영상 컨텐츠동영상뉴스전북권뉴스전체전북권뉴스주요뉴스많이 본 뉴스구독신청투고 제보기사검색검색실시간스마트 수변도시도 김제로 군민들 당장 철회하라 한 목소리 편집국에서 RE100 산단에 묻힌 주민 결정권격포 대규모 관광개발사업, 진입도로 기공식 한 지가 언젠데 내년 초 공사 착수 예정 오디세이 박정근의 귀향 이야기 12 세월의 무덤에 묻힌 사춘기의 문학적 환상 민주주의와 풀뿌리 자치 국민주권은 표심 그대로 선거제도부터 녹색 시선 고래도 뜨거운 바다를 싫어해강민숙 시인, 소년공 재명이가 부르는 노래 출간 내가 좋아하는 글귀 씨뿌려거두고 작은농장 할머니 글 65 아직 파아란 밀밭 보며 부동산일자리구독신청기사제보현재위치뉴스농림축산어업부안군 농촌진흥청, 벼 마른논 써레질 재배기술 현장 연시회김종철 기자제보입력 2025.05.30 10 20페이스북 으 로 기사보내기트위터 으 로 기사보내기카카오스토리 으 로 기사보내기URL복사 으 로 기사보내기다른 공유 찾기이 기사를 공유합니다페이스북 으 로 기사보내기트위터 으 로 기사보내기카카오스토리 으 로 기사보내기URL복사 으 로 기사보내기닫기바로가기기사스크랩하기복사하기본문 글씨 키우기본문 글씨 줄이기부안군 군수 권익현 은 29일 농촌진흥청 청장 권재한 과 공동 주관해 벼 마른논 써레질 이앙 재배기술 현장 연시회를 부안읍 모산리 뜰에서 성황리 개최했다고 밝혔다.이날 현장 연시회에서 권익현 부안군수와 권재한 농촌진흥청장, 시군농업기술센터 담당자, 농업인 단체 관계자 등 100명이 참석해 벼 마른논 써레질 이앙 재배기술 및 시범사업 설명을 들은 후 권익현 군수와 권재한 청장이 이앙을 시연했다.또 농업기술에 필요한 자동물꼬, 균평기, 동시 경운 로터리기, 드론 등을 한 눈에 볼 수 있는 농기계 전시를 함께 진행해 참여 농가의 큰 호응을 얻었다.마른논 써레질 기술이란 논에 흙이 마른 상태에서 흙갈이 로터리 와 균평 작업을 한 논에 물을 댄 후 써레질은 생략하고 벼를 재배하는 기술로 탁수 흐린 물 가 덜 발생해 수질오염을 줄이고 농번기에 집중되는 노동력을 분산하거나 완화하는 효과가 있다.마른논 써레질은 시기에 따라 단축형과 분산형으로 나뉜다.단축형은 이앙 5 6일 전 마른 흙갈이와 균평 작업을 하고 이앙 4 5일 전 논에 물을 채운 다음 그 기간에 집중적으로 논 준비 작업을 하는 방법으로 기존 써레질 방법보다 작업 기간이 짧아 전체 노동시간을 줄이는 효과가 있다.분산형은 비가 내리지 않는 3 4월에 미리 마른 흙갈이와 균평 작업을 마친 뒤 이앙 작업을 하는 방법이며 농번기 5 6월 에 필수적으로 했던 논 써레 작업을 농한기 3 4월 에 진행해 노동력을 분산시킬 수 있다.벼 마른논 써레질 이앙 재배기술 시범사업을 추진 중인 신덕농업회사 김용화 농가는 마른논 써레질 이앙 재배기술로 논 준비 작업을 시기별로 분산하면 농번기에 부족한 농촌 인력 문제를 완화하는 데 도움이 될 것으로 기대된다 며 현재 마른논 써레질 재배단지 면적을 5.5h에서 50ha 이상 확대할 계획 이라고 말했다.저작권자 부안독립신문 무단전재 및 재배포 금지개의 댓글회원로그인작성자비밀번호댓글 내용입력0 400등록댓글 정렬최신순추천순답글순BEST댓글BEST 댓글답글과 추천수를 합산하여 자동으로 노출됩니다.닫기더보기댓글삭제삭제한 댓글은 다시 복구할 수 없습니다.그래도 삭제하시겠습니까?비밀번호삭제닫기댓글수정댓글 수정은 작성 후 1분내에만 가능합니다.본문 400비밀번호수정닫기내 댓글 모음닫기많이 본 뉴스1제21대 대통령선거, 후보 등록 마치고 본격 일정 시작2부안 딸기 농장서 힐링한 일본 관광객들, 내년에도 오고 싶어요 3제12회 마실축제, 주제 없는 축제를 없애야 할 이유 보여줘4 직격 인터뷰 권익현 부안군수, 양육점과 송전탑은 RE100 산단 조성의 필수 요건 5백산초, 스승의 날 기념 특별한 장학금 전달식 가져주요뉴스 편집국에서 RE100 산단에 묻힌 주민 결정권격포 대규모 관광개발사업, 진입도로 기공식 한 지가 언젠데 내년 초 공사 착수 예정 오디세이 박정근의 귀향 이야기 12 세월의 무덤에 묻힌 사춘기의 문학적 환상 민주주의와 풀뿌리 자치 국민주권은 표심 그대로 선거제도부터포토뉴스 카메라 고발 마실 축제를 알리는 첫 신호탄은 공사판 카메라 고발 제초제로 뒤덮이는 신운천과 해뜰마루 산책길 포토뉴스 백산성에서 바라본 을사년 새해 일출헤드라인 뉴스스마트 수변도시도 김제로 군민들 당장 철회하라 한 목소리 직격 인터뷰 권익현 부안군수, 양육점과 송전탑은 RE100 산단 조성의 필수 요건 제12회 마실축제, 주제 없는 축제를 없애야 할 이유 보여줘송전탑대책위, 부안군은 입장을 밝혀라 성명내고 질의서 전달해전라북도 부안군 번영로 96, 3층대표전화 063 581 8787팩스 063 581 8788부안독립신문제호 부안독립신문등록번호 전북 다 01198등록일 2004 09 08발행일 2004 09 22발행인 김재성편집인 김종철청소년보호책임자 우병길Copyright 2025 부안독립신문.Allrights reserved.매체소개투고 제보이용약관개인정보처리방침청소년보호정책저작권보호정책이메일무단수집거부위로모바일버전전체기사뉴스전체정치 행정경제 생활문화 교육사회 지역관광 스포츠농림축산어업기획 연재전체기획 특집연재사람들전체클릭 이사람새 인물인사귀농귀촌 신고합니다인터뷰오피니언전체사설 칼럼독자발언대기고동영상뉴스전체동영상 컨텐츠동영상뉴스전북권뉴스전체전북권뉴스전체메뉴닫기",naver_news_api,30202510,https://www.ibuan.com/news/articleView.html?idxno=54389,0,0.3662596046924591
부안농협 · 농협생명 전북총국과 함께 부안남초등학교에 교육기부금 전...,"주요서비스 바로가기본문 바로가기매체정보 바로가기로그인 바로가기기사검색 바로가기전체서비스 바로가기전체메뉴 버튼독자마당자유게시판복덕방구인구직투고 제보구독신청뉴스정치 행정경제 생활문화 교육사회 지역관광 스포츠농림축산어업기획 연재기획 특집연재사람들클릭 이사람새 인물인사오피니언사설 칼럼독자발언대동영상뉴스전북권뉴스최종편집2025 05 30 11 17 금 로그인회원가입뉴스전체정치 행정경제 생활문화 교육사회 지역관광 스포츠농림축산어업기획 연재전체기획 특집연재사람들전체클릭 이사람새 인물인사귀농귀촌 신고합니다인터뷰오피니언전체사설 칼럼독자발언대기고동영상뉴스전체동영상 컨텐츠동영상뉴스전북권뉴스전체전북권뉴스주요뉴스많이 본 뉴스구독신청투고 제보기사검색검색실시간스마트 수변도시도 김제로 군민들 당장 철회하라 한 목소리 편집국에서 RE100 산단에 묻힌 주민 결정권격포 대규모 관광개발사업, 진입도로 기공식 한 지가 언젠데 내년 초 공사 착수 예정 오디세이 박정근의 귀향 이야기 12 세월의 무덤에 묻힌 사춘기의 문학적 환상 민주주의와 풀뿌리 자치 국민주권은 표심 그대로 선거제도부터 녹색 시선 고래도 뜨거운 바다를 싫어해강민숙 시인, 소년공 재명이가 부르는 노래 출간 내가 좋아하는 글귀 씨뿌려거두고 작은농장 할머니 글 65 아직 파아란 밀밭 보며 부동산일자리구독신청기사제보현재위치뉴스농림축산어업부안농협 농협생명 전북총국과 함께 부안남초등학교에 교육기부금 전달김종철 기자제보입력 2025.05.30 10 24페이스북 으 로 기사보내기트위터 으 로 기사보내기카카오스토리 으 로 기사보내기URL복사 으 로 기사보내기다른 공유 찾기이 기사를 공유합니다페이스북 으 로 기사보내기트위터 으 로 기사보내기카카오스토리 으 로 기사보내기URL복사 으 로 기사보내기닫기바로가기기사스크랩하기복사하기본문 글씨 키우기본문 글씨 줄이기부안농협 조합장김원철 과 농협생명 전북총국 총국장 지광수 은 지난 5월 29일 부안남초등학교 교장 정한상 에서 농촌 지역 초등학교 교육 지원을 위한 교육기부금을 전달했다고 밝혔다.이날 전달식은 가정의 달을 맞아 학생 수 감소 등으로 어려움을 겪고 있는 농촌 지역 초등학교와 학생들을 위해 마련됐으며 학교 측에는 소정의 기부금이 전달되었다.부안남초등학교는 1956년 개교 이래 오늘에 이르기까지 70여 년의 역사 동안 5천여 명의 졸업생 및 지역 인재를 배출하며 주민들과 함께 성장한 전통 있는 학교이다.한편 오늘 행사를 통해 전달된 기부금은 학교 학생들의 교육 복지 증대와 학생 자치활동을 위해 쓰일 예정이다.농협생명 전북총국 지광수 총국장은 농협은 농촌과 상생하고 동반 성장할 때 존재의미가 있다 며 농업 농촌의 소멸을 막고 농촌 사회의 활력 유지를 위해 앞으로도 지역사회 환원사업을 계속해 나갈 것 이라고 말했다.부안농협 김원철 조합장은 농촌의 학령인구 감소와 농촌 소멸의 위험성이 커질수록 우리 농협의 역할은 중요해질 것 이라며 앞으로도 우리 농협은 농업과 금융 분야의 지원뿐만 아니라 고령층부터 학생들까지 각종 복지서비스 제공의 중추적 역할을 계속해 나갈 것 이라고 말했다.저작권자 부안독립신문 무단전재 및 재배포 금지개의 댓글회원로그인작성자비밀번호댓글 내용입력0 400등록댓글 정렬최신순추천순답글순BEST댓글BEST 댓글답글과 추천수를 합산하여 자동으로 노출됩니다.닫기더보기댓글삭제삭제한 댓글은 다시 복구할 수 없습니다.그래도 삭제하시겠습니까?비밀번호삭제닫기댓글수정댓글 수정은 작성 후 1분내에만 가능합니다.본문 400비밀번호수정닫기내 댓글 모음닫기많이 본 뉴스1제21대 대통령선거, 후보 등록 마치고 본격 일정 시작2부안 딸기 농장서 힐링한 일본 관광객들, 내년에도 오고 싶어요 3제12회 마실축제, 주제 없는 축제를 없애야 할 이유 보여줘4 직격 인터뷰 권익현 부안군수, 양육점과 송전탑은 RE100 산단 조성의 필수 요건 5백산초, 스승의 날 기념 특별한 장학금 전달식 가져주요뉴스 편집국에서 RE100 산단에 묻힌 주민 결정권격포 대규모 관광개발사업, 진입도로 기공식 한 지가 언젠데 내년 초 공사 착수 예정 오디세이 박정근의 귀향 이야기 12 세월의 무덤에 묻힌 사춘기의 문학적 환상 민주주의와 풀뿌리 자치 국민주권은 표심 그대로 선거제도부터포토뉴스 카메라 고발 마실 축제를 알리는 첫 신호탄은 공사판 카메라 고발 제초제로 뒤덮이는 신운천과 해뜰마루 산책길 포토뉴스 백산성에서 바라본 을사년 새해 일출헤드라인 뉴스스마트 수변도시도 김제로 군민들 당장 철회하라 한 목소리 직격 인터뷰 권익현 부안군수, 양육점과 송전탑은 RE100 산단 조성의 필수 요건 제12회 마실축제, 주제 없는 축제를 없애야 할 이유 보여줘송전탑대책위, 부안군은 입장을 밝혀라 성명내고 질의서 전달해전라북도 부안군 번영로 96, 3층대표전화 063 581 8787팩스 063 581 8788부안독립신문제호 부안독립신문등록번호 전북 다 01198등록일 2004 09 08발행일 2004 09 22발행인 김재성편집인 김종철청소년보호책임자 우병길Copyright 2025 부안독립신문.Allrights reserved.매체소개투고 제보이용약관개인정보처리방침청소년보호정책저작권보호정책이메일무단수집거부위로모바일버전전체기사뉴스전체정치 행정경제 생활문화 교육사회 지역관광 스포츠농림축산어업기획 연재전체기획 특집연재사람들전체클릭 이사람새 인물인사귀농귀촌 신고합니다인터뷰오피니언전체사설 칼럼독자발언대기고동영상뉴스전체동영상 컨텐츠동영상뉴스전북권뉴스전체전북권뉴스전체메뉴닫기",naver_news_api,30202510,https://www.ibuan.com/news/articleView.html?idxno=54391,0,0.3662596046924591
부안서 해루질 하던 60대 여성 숨져.. 밀물에 방향 상실 추정,"사진출처 부안해양경찰서 야간 시간대 해변가에서 해루질하던 주민이 물에 빠져 숨졌습니다. 부안해양경찰서는 어제 29일 밤 11시 40분쯤 부안 대항리 인근에서 여성들이 물에 빠졌다는 신고를 접수해 갯바위에 고립된 3명을 구조했지만, 60대 여성이 숨졌다고 밝혔습니다. 당시 앞서 갯바위에 고립된 남성이 여성들을 발견해 인근에서 레저 활동을 하던 남성에게 구조를 요청했고, 구조 후 심폐소생술을 진행하던 것으로 전해졌습니다. 지난 27일부터 오늘 30일 까지 바닷물의 높이 변화가 심한 대조기였으며, 사고 당시에는 물이 빠진 뒤 밀물로 전환되는 시점이었던 것으로 파악됐습니다. 해경은 인근 주민인 60대 여성 둘이 해루질을 하고 돌아오던 중 방향을 잃었다가 고립된 것으로 추정하고 바다에 들어갈 때는 물때 확인과 안전장비 착용을 당부했습니다.",naver_news_api,30202510,https://n.news.naver.com/mnews/article/659/0000033630?sid=102,1,0.43451952934265137
부안서 해루질하던 여성 2명 물에 빠져…60대 사망,어제 29일 오후 11시 40분쯤 전북 부안군 변산면 대항리 한 갯바위 인근에서 해루질하던 60대 2명이 바닷물에 빠졌다. 이 모습을 본 시민들이 물에 빠진 이들을 뭍으로 건져 올려 응급 처치를 했지만 1명이 숨졌다. 또다른 1명은 저체온증을 호소해 경상으로 분류돼 병원으로 옮겨졌다. 물에 빠진 이들은 지인 사이로 어패류를 잡으러 바닷물에 들어갔다가 변을 당한 것으로 파악됐다. 경찰은 목격자 등을 상대로 사고 경위를 조사하고 있다.,naver_news_api,30202510,https://n.news.naver.com/mnews/article/448/0000531308?sid=102,0,0.36882925033569336
부안서 해루질하던 여성 1명 숨져,"부안서 해루질하던 여성 1명 숨져 KBS뉴스 Play 260 00 24 KBS 전주 어젯밤 29 11시 40분쯤 부안군 변산면 대항리에서 해루질을 하던 여성 2명이 바다에 빠졌습니다. 당시 근처의 한 남성이 이들을 갯바위로 옮겼고, 해경이 구조해 병원으로 옮겼지만 여성 1명은 숨졌습니다. 해경은 어패류를 잡으러 물에 들어갔다 변을 당한 것으로 보고 목격자 등을 상대로 정확한 경위를 조사하고 있습니다.",naver_news_api,30202510,https://n.news.naver.com/mnews/article/056/0011961978?sid=102,0,0.3746677339076996
서해 바다 위 짜릿한 레이스…‘제10회 새만금컵 국제요트대회’,"서해 바다 위 짜릿한 레이스 제10회 새만금컵 국제요트대회 6월 5 8일 부안 격포항 13개국 300여 명 선수 참가박민홍기자2025 05 30 10 55 16제10회 새만금컵국제요트대회. 제10회 새만금컵 국제요트대회 가 오는 6월 5일부터 8일까지 부안군 격포항 일대에서 열린다.전북을 대표하는 글로벌 해양스포츠 행사로 한국, 일본, 중국, 러시아, 대만, 태국, 필리핀 등 13개국에서 300여 명의 선수들이 참가해 서해를 무대로 박진감 넘치는 레이스를 펼친다. 인쇼어 INSHORE 코스와 오프쇼어 OFFSHORE 코스로 나뉘어 격포항을 출발해 위도 및 고군산군도 인근을 일주하는 요트 경기가 펼쳐진다.관람객들은 격포항 남측 방파제 관람석이나 관람정에 승선해 바다 위에서 직접 경기를 관람할 수 있다.첫째 날인 5일 격포항 요트 계류장을 개방하고 6일 오후 6시에는 격포항 특설무대에서 개막식이, 8일에는 시상식과 폐회식이 치러진다.전북자치도는 참가선수와 관람객의 안전을 최우선으로 고려해 해양경찰, 소방, 경찰 등 유관기관과 협력 체계를 구축한다.구조장비 비치, 구명조끼 착용, 구조정 해상 배치 등 철저한 안전관리를 병행한다.사진촬영 이벤트, 해양레저스포츠 체험 프로그램 등 다양한 부대행사를 함께 운영해 지역주민과 관광객 모두가 어우러지는 해양문화 축제로 승화시킬 예정이다.전북자치도는 이번 대회를 계기로 새만금 일대의 해양레저 기반 조성에도 박차를 가할 방침이다.현재 추진 중인 궁항 마리나항만 조성사업 과 연계해 전북을 대한민국 해양레저 관광의 중심지로 도약시키겠다는 계획이다.김미정 전북자치도 새만금해양수산국장은 부안의 천혜 해양환경과 글로벌 요트대회가 어우러져 전 세계가 함께 즐기는 해양축제로 만들어 갈 것 이라며 앞으로도 국제행사를 통해 해양관광을 선도하는 전북의 위상을 높여 나가겠다 고 밝혔다.박민홍 머니투데이방송 MTN 기자",naver_news_api,30202510,https://news.mtn.co.kr/news-detail/2025053010495556020,0,0.35803645849227905
"부안군 새만금도시과, 영농철 일손돕기 추진","부안군 새만금도시과 직원들은 지난 29일 본격적인 마늘 수확철을 맞아 변산면의 마늘 재배 농가를 찾아 일손돕기 활동을 펼쳤다.부안군 새만금도시과 직원들은 지난 29일 본격적인 마늘 수확철을 맞아 변산면의 마늘 재배 농가를 찾아 일손돕기 활동을 펼쳤다.이번 일손돕기는 일손 부족으로 어려움을 겪는 농가에 실질적인 도움을 주고, 공직자로서 지역과의 상생을 실천하기 위해 마련됐다.이날 새만금도시과 직원 10여 명은 이른 아침부터 마늘밭을 찾아 마늘 뽑기, 흙 털기 등을 함께했다. 더위 속에서도 구슬땀을 흘리며 묵묵히 작업에 임한 직원들에게 농민들 역시 고마움의 인사를 아끼지 않았다.새만금도시과는 지난해에도 변산면의 양파 농가를 찾아 수확을 도운 바 있다. 부안군은 해마다 반복되는 농번기 인력난 속에서 매년 농촌 일손돕기를 이어가며 단순한 일회성 봉사를 넘어 지속적인 지역사회 기여활동을 추진하고 있다.새만금도시과장은 작은 도움이지만 농가에 힘이 될 수 있어 보람된 시간이었다 며, 앞으로도 지역과 함께 호흡하며 실질적인 도움이 되는 행정을 지속해 나가겠다 고 밝혔다.부안 방선동 기자저작권자 전북도민일보 무단전재 및 수집, 재배포 금지부안 방선동 기자다른기사 보기",naver_news_api,30202511,http://www.domin.co.kr/news/articleView.html?idxno=1516709,1,0.3561977744102478
"농협은행 전북본부, 부안군 한평-生(생) 부안갯벌 프로젝트 1000만원 기...","부안군 군수 권익현 은 지난 29일 부안군청 중회의실에서 농협은행 전북본부 본부장 김성훈 , 월드비전 전북사업본부 본부장 김동혁 등 3개기관 관계자들과 함께 한평生 부안갯벌 프로젝트 기부금 전달식을 개최했다.부안군 군수 권익현 은 지난 29일 부안군청 중회의실에서 농협은행 전북본부 본부장 김성훈 , 월드비전 전북사업본부 본부장 김동혁 등 3개기관 관계자들과 함께 한평生 부안갯벌 프로젝트 기부금 전달식을 개최했다.이날 행사에서는 농협은행 전북본부 임직원 100명이 모은 기부금 1천만원이 월드비전에 전달됐으며, 해당 기부금은 부안갯벌의 생태계 보전과 지역사회 발전을 위해 사용될 예정이다. 한평 生 생 부안갯벌 프로젝트 는 국민 한 사람이 1평의 갯벌을 소유함으로써 사유지 갯벌의 난개발을 막고, 염생식물 식재를 통해 갯벌의 탄소저장능력을 높이는 전국민 갯벌 보전 캠페인이다. 참여자는 갯벌 1평을 구매해 지분등기를 완료하며, 갯벌 현장을 방문해 염생식물을 심고 관리하는 봉사활동에도 참여한다.권익현 부안군수는 한평생 부안갯벌 프로젝트는 기후위기에 대응하고 지역경제를 살리는 전국최초 ESG 민관협력 캠페인이다 라며 앞으로도 농협은행, 월드비전과 지속가능한 상생협력을 위해 최선을 다하겠다 고 밝혔다.김성훈 농협은행 전북본부장은 임직원 모두가 뜻을 모아 부안갯벌 보전에 힘을 보탤 수 있어 뜻깊다 며 이번 기부금이 부안갯벌 생태계 보전과 지역사회에 긍정적인 변화를 가져오길 바란다 고 전했다.부안 방선동 기자저작권자 전북도민일보 무단전재 및 수집, 재배포 금지부안 방선동 기자다른기사 보기",naver_news_api,30202511,http://www.domin.co.kr/news/articleView.html?idxno=1516708,1,0.3450842499732971
해루질하던 여성 2명 바다에 고립…1명 사망,"119 구급차. 자료사진 해변가에서 해루질 밤에 얕은 바다에서 맨손으로 어패류를 잡는 일 을 하던 60대 여성 2명이 물에 빠져 1명이 숨졌다. 30일 전북특별자치도소방본부와 전북 부안해양경찰서 등에 따르면 지난 29일 오후 11시 40분쯤 전북 부안군 대항리의 한 해변가에서 사람이 물에 빠져 허우적대고 있다 는 신고가 들어왔다. 해경과 소방대원들은 다른 시민에 의해 갯바위 위로 옮겨진 A 61 씨와 B 69 씨를 발견했다. A씨는 심정지 상태로 병원으로 옮겨졌지만 숨졌다. B씨는 저체온증을 호소해 인근 병원으로 옮겨졌다. 해경과 소방은 A씨가 야간에 해루질을 하다 바다에 고립된 것으로 보고 정확한 사고 경위를 조사 중이다. CBS노컷뉴스는 여러분의 제보로 함께 세상을 바꿉니다. 각종 비리와 부당대우, 사건사고와 미담 등 모든 얘깃거리를 알려주세요. 이메일 카카오톡 노컷뉴스 사이트",naver_news_api,30202511,https://n.news.naver.com/mnews/article/079/0004030139?sid=102,1,0.44588503241539
"강민숙 시인, 『소년공 재명이가 부르는 노래』 출간","주요서비스 바로가기본문 바로가기매체정보 바로가기로그인 바로가기기사검색 바로가기전체서비스 바로가기전체메뉴 버튼독자마당자유게시판복덕방구인구직투고 제보구독신청뉴스정치 행정경제 생활문화 교육사회 지역관광 스포츠농림축산어업기획 연재기획 특집연재사람들클릭 이사람새 인물인사오피니언사설 칼럼독자발언대동영상뉴스전북권뉴스최종편집2025 05 30 11 17 금 로그인회원가입뉴스전체정치 행정경제 생활문화 교육사회 지역관광 스포츠농림축산어업기획 연재전체기획 특집연재사람들전체클릭 이사람새 인물인사귀농귀촌 신고합니다인터뷰오피니언전체사설 칼럼독자발언대기고동영상뉴스전체동영상 컨텐츠동영상뉴스전북권뉴스전체전북권뉴스주요뉴스많이 본 뉴스구독신청투고 제보기사검색검색실시간스마트 수변도시도 김제로 군민들 당장 철회하라 한 목소리 편집국에서 RE100 산단에 묻힌 주민 결정권격포 대규모 관광개발사업, 진입도로 기공식 한 지가 언젠데 내년 초 공사 착수 예정 오디세이 박정근의 귀향 이야기 12 세월의 무덤에 묻힌 사춘기의 문학적 환상 민주주의와 풀뿌리 자치 국민주권은 표심 그대로 선거제도부터 녹색 시선 고래도 뜨거운 바다를 싫어해강민숙 시인, 소년공 재명이가 부르는 노래 출간 내가 좋아하는 글귀 씨뿌려거두고 작은농장 할머니 글 65 아직 파아란 밀밭 보며 부동산일자리구독신청기사제보현재위치뉴스문화 교육강민숙 시인, 소년공 재명이가 부르는 노래 출간김종철 기자제보입력 2025.05.30 11 11페이스북 으 로 기사보내기트위터 으 로 기사보내기카카오스토리 으 로 기사보내기URL복사 으 로 기사보내기다른 공유 찾기이 기사를 공유합니다페이스북 으 로 기사보내기트위터 으 로 기사보내기카카오스토리 으 로 기사보내기URL복사 으 로 기사보내기닫기바로가기기사스크랩하기복사하기본문 글씨 키우기본문 글씨 줄이기부안독립신문에 동학농민운동에 관한 시를 연재하는 등 활발한 집필활동을 펼쳐온 부안출신의 강민숙 시인이 소년공 재명이가 부르는 노래 라는 제목의 시집을 발간했다.1990년대 당시 노을 속에 당신을 묻고 로 많은 독자의 심금을 울렸던 베스트셀러 작가 강민숙 시인은 남편의 사망신고와 둘째 아들의 출생신고를 같이 해야 했던 기구한 운명을 극복하고, 생활고에 쫓기면서도 같은 처지의 여성들의 모임인 를 이끌었다. 이후 많은 시집을 출간하고, 문학박사 학위를 받아, 주위에서 맹렬 여성의 대명사로 회자 되고 있다.그런 강 시인이 이번에는 뼈저리게 아파본 사람이 아픈 사람의 마음을 안다 라는 심정으로 소년공 이재명의 삶을 70편의 시로 묶어 여섯 번째 시집을 출간했다.김민웅 전 경희대 교수는 강민숙 시인의 시는 이 시대를 살아가는 우리가 함께 불러야 할 노래다. 돈과 권력에 짓밟힌 이들을 일으켜 세우고 위무하는 그 노래! 시집을 덮고 나서도 소년의 노래가 귀에 쟁쟁하다 고 평가했다.정준희 한양대 겸임교수, 전 MBC 백분토론 진행자 교수는 어떤 사람 에게 온전히 바쳐지는 시를 쓴다는 것, 그리고 그런 시에 대해 추천의 말을 달기는 쉽지 않다. 게다가 몇 편이 아니라 70편을 담은 시집이다. 무엇이 이 시인을 그리로 이끌었을까? 어느 날 어느 곳에서, 그는 나였고 곧 우리라는 강렬한 일체감 때문이 아니었을까. 우리가 외면하고 덮으려 했던 자화상이자, 우리 자신에게 바치는 고통과 희망의 헌사! 부디 시퍼렇게 멍든 하늘 까지 닿기를! 이라고 평했다.소년공 재명이가 부르는 노래는 총 5부로 구성됐다. 1부는 내 하늘, 제2는 나는 내 생일을 모른다, 제3부는 내 돌 밥그릇은 어디 있을까, 제4부는 나도 교복을 입고 싶었다, 마지막 제5부는 정치가 뭐냐고 라는 주제로 쓰였다.강민숙 시인강민숙 시인은 전북 부안 백산에서 6남매 중 막내로 태어났다. 동학농민혁명의 성지 백산을 보면서 자랐다. 백산중,고등을 졸업한 뒤, 서울에 올라와 숙식을 제공해 주는 봉제 공장에서 일했다. 서점에서 점원으로 일하던 중 교통사고를 당하기도 했다. 뒤에 간호조무사 자격증을 얻어 병원에서 일하다 남편을 만나 결혼했다.1991년 현대그룹 문예 공모 시부분 최우수상을 받았고, 1992년 문학과 의식 으로 문단에 나왔다. 그해 여름 둘째 아들이 태어나던 날 남편이 교통사고로 세상을 떠났다. 1992년 사망신고와 출생신고를 동시에 해야 했던 기구한 운명을 시로 쓴 노을 속에 당신을 묻고 문학수첩,1994 를 출간하여 30만 부가 팔렸다. 이후 그대 바다에 섬으로 떠서 문학수첩,1997 , 꽃은 바람을 탓하지 않는다 문학수첩,2005 , 둥지는 없다 실천문학사,2019 , 채석강을 읽다 실천문학사,2021 를 간행했다.현재 한국작가회 이사, 한국민예총 대변인, 부안군 동학농민혁명 운영위원회 부위원장을 맡고 있으며 아이클라 문예창작원을 운영하고 있다.저작권자 부안독립신문 무단전재 및 재배포 금지개의 댓글회원로그인작성자비밀번호댓글 내용입력0 400등록댓글 정렬최신순추천순답글순BEST댓글BEST 댓글답글과 추천수를 합산하여 자동으로 노출됩니다.닫기더보기댓글삭제삭제한 댓글은 다시 복구할 수 없습니다.그래도 삭제하시겠습니까?비밀번호삭제닫기댓글수정댓글 수정은 작성 후 1분내에만 가능합니다.본문 400비밀번호수정닫기내 댓글 모음닫기많이 본 뉴스1제21대 대통령선거, 후보 등록 마치고 본격 일정 시작2부안 딸기 농장서 힐링한 일본 관광객들, 내년에도 오고 싶어요 3제12회 마실축제, 주제 없는 축제를 없애야 할 이유 보여줘4 직격 인터뷰 권익현 부안군수, 양육점과 송전탑은 RE100 산단 조성의 필수 요건 5백산초, 스승의 날 기념 특별한 장학금 전달식 가져주요뉴스 편집국에서 RE100 산단에 묻힌 주민 결정권격포 대규모 관광개발사업, 진입도로 기공식 한 지가 언젠데 내년 초 공사 착수 예정 오디세이 박정근의 귀향 이야기 12 세월의 무덤에 묻힌 사춘기의 문학적 환상 민주주의와 풀뿌리 자치 국민주권은 표심 그대로 선거제도부터포토뉴스 카메라 고발 마실 축제를 알리는 첫 신호탄은 공사판 카메라 고발 제초제로 뒤덮이는 신운천과 해뜰마루 산책길 포토뉴스 백산성에서 바라본 을사년 새해 일출헤드라인 뉴스스마트 수변도시도 김제로 군민들 당장 철회하라 한 목소리 직격 인터뷰 권익현 부안군수, 양육점과 송전탑은 RE100 산단 조성의 필수 요건 제12회 마실축제, 주제 없는 축제를 없애야 할 이유 보여줘송전탑대책위, 부안군은 입장을 밝혀라 성명내고 질의서 전달해전라북도 부안군 번영로 96, 3층대표전화 063 581 8787팩스 063 581 8788부안독립신문제호 부안독립신문등록번호 전북 다 01198등록일 2004 09 08발행일 2004 09 22발행인 김재성편집인 김종철청소년보호책임자 우병길Copyright 2025 부안독립신문.Allrights reserved.매체소개투고 제보이용약관개인정보처리방침청소년보호정책저작권보호정책이메일무단수집거부위로모바일버전전체기사뉴스전체정치 행정경제 생활문화 교육사회 지역관광 스포츠농림축산어업기획 연재전체기획 특집연재사람들전체클릭 이사람새 인물인사귀농귀촌 신고합니다인터뷰오피니언전체사설 칼럼독자발언대기고동영상뉴스전체동영상 컨텐츠동영상뉴스전북권뉴스전체전북권뉴스전체메뉴닫기",naver_news_api,30202511,https://www.ibuan.com/news/articleView.html?idxno=54398,0,0.3662596046924591
스마트 수변도시도 김제로…군민들 &quot;당장 철회하라&quot; 한 목소리,"주요서비스 바로가기본문 바로가기매체정보 바로가기로그인 바로가기기사검색 바로가기전체서비스 바로가기전체메뉴 버튼독자마당자유게시판복덕방구인구직투고 제보구독신청뉴스정치 행정경제 생활문화 교육사회 지역관광 스포츠농림축산어업기획 연재기획 특집연재사람들클릭 이사람새 인물인사오피니언사설 칼럼독자발언대동영상뉴스전북권뉴스최종편집2025 05 30 11 17 금 로그인회원가입뉴스전체정치 행정경제 생활문화 교육사회 지역관광 스포츠농림축산어업기획 연재전체기획 특집연재사람들전체클릭 이사람새 인물인사귀농귀촌 신고합니다인터뷰오피니언전체사설 칼럼독자발언대기고동영상뉴스전체동영상 컨텐츠동영상뉴스전북권뉴스전체전북권뉴스주요뉴스많이 본 뉴스구독신청투고 제보기사검색검색실시간스마트 수변도시도 김제로 군민들 당장 철회하라 한 목소리 편집국에서 RE100 산단에 묻힌 주민 결정권격포 대규모 관광개발사업, 진입도로 기공식 한 지가 언젠데 내년 초 공사 착수 예정 오디세이 박정근의 귀향 이야기 12 세월의 무덤에 묻힌 사춘기의 문학적 환상 민주주의와 풀뿌리 자치 국민주권은 표심 그대로 선거제도부터 녹색 시선 고래도 뜨거운 바다를 싫어해강민숙 시인, 소년공 재명이가 부르는 노래 출간 내가 좋아하는 글귀 씨뿌려거두고 작은농장 할머니 글 65 아직 파아란 밀밭 보며 부동산일자리구독신청기사제보현재위치뉴스정치 행정스마트 수변도시도 김제로 군민들 당장 철회하라 한 목소리김종철 기자제보입력 2025 05 30 11 11수정 2025 05 30 14 13페이스북 으 로 기사보내기트위터 으 로 기사보내기카카오스토리 으 로 기사보내기URL복사 으 로 기사보내기다른 공유 찾기이 기사를 공유합니다페이스북 으 로 기사보내기트위터 으 로 기사보내기카카오스토리 으 로 기사보내기URL복사 으 로 기사보내기닫기바로가기기사스크랩하기복사하기본문 글씨 키우기본문 글씨 줄이기행정안전부 중앙분쟁조정위가 스마트 수변도시를 김제로 결정하면서 제시한 새만금 지도 중분위는 대법원이 2호 방조제 판결 시 적용한 A B C 세 구역으로 스마트 수변도시를 김제시로 결정했다 그러면서 김제시는 내륙에서 방조제까지 40km가 넘는 구역을 관할하게 됐다 이를 두고 영토 욕심에 행정 효율을 버렸다는 지적이 나온다 굵은 빨간색 선이 부안군이 요구하는 부안군 관할 구역이다 이 구역은 과거에 부안군 어민들의 생계터 였다 중앙분쟁위 또 김제시 손들어 줘2021년 대법원 판단 기준 준용한 듯군의회, 철회 촉구 성명 발표하고민간단체, 수십 개 현수막 내걸어하지만 결정 번복될지는 미지수김제 행정 구역은 손잡이 긴 국자 형태행정 효율성 떨어진다 지적도 많아부안군 정치권은 힘이 없다 주장도일부에선 김제시 능력도 인정해야수변도시는 삼성풀등 있던 어창지역부안어민의 터전인 탓에 아쉬움 커뭉쳐서 되찾자 군민들 한 목소리새만금 2호 방조제와 새만금 동서 도로의 관할권이 김제시로 넘어간 데 이어 새만금 수변도시마저 김제시 관할로 결정되면서 부안군민의 분노가 수면 위로 표출되고 있다 부안군의회가 성명서를 내고 김제시 귀속을 즉각 철회하라 라고 촉구하는 한편 각종 민간단체가 수십 장의 현수막을 부안군 전역에 걸고 반대 목소리를 내고 있다 하지만 이 같은 목소리가 관할 결정 번복으로 이어질지는 미지수라는 점에서 부안군의 대응에 관심이 모이고 있다 행정안전부 중앙분쟁조정위의 의결서에 나온 주문 내용, 이 주문과 같이 결정됐다부안군은 행자부 중앙분쟁조정위 이하 중분위 가 내린 새만금 수변도시 김제 귀속 결정에 지난 7일 대법원에 즉각 상고했다 하지만 기존 결정을 바꾸기는 쉽지 않을 전망이 우세하다 중분위의 결정이 2021년에 대법원이 내린 관할 결정 방식을 그대로 인용했기 때문이다 일각에서도 대법원이 앞서 내린 결정을 번복하기 어려운 데다 이미 같은 방식으로 여러 차례 관할을 결정했기에 다시 새로운 방식을 적용하기 쉽지 않을 것 이라는 비관적인 전망을 내놨다 사실 부안군과 군산시는 김제시와의 분쟁에서 연전연패했다 최근에 내려진 새만금 신항만과 군산항을 묶어 국가관리무역항으로 지정된 것을 빼고는 방조제와 동서 도로 등 어느 것도 부안과 군산시 뜻대로 되지 않았다 물론 신항만 방조제 관할을 두고는 여전히 재판에 있다",naver_news_api,30202511,https://www.ibuan.com/news/articleView.html?idxno=54401,0,0.3662596046924591
[오디세이 박정근의 귀향 이야기-12] 세월의 무덤에 묻힌 사춘기의 문학...,"주요서비스 바로가기본문 바로가기매체정보 바로가기로그인 바로가기기사검색 바로가기전체서비스 바로가기전체메뉴 버튼독자마당자유게시판복덕방구인구직투고 제보구독신청뉴스정치 행정경제 생활문화 교육사회 지역관광 스포츠농림축산어업기획 연재기획 특집연재사람들클릭 이사람새 인물인사오피니언사설 칼럼독자발언대동영상뉴스전북권뉴스최종편집2025 05 30 11 17 금 로그인회원가입뉴스전체정치 행정경제 생활문화 교육사회 지역관광 스포츠농림축산어업기획 연재전체기획 특집연재사람들전체클릭 이사람새 인물인사귀농귀촌 신고합니다인터뷰오피니언전체사설 칼럼독자발언대기고동영상뉴스전체동영상 컨텐츠동영상뉴스전북권뉴스전체전북권뉴스주요뉴스많이 본 뉴스구독신청투고 제보기사검색검색실시간스마트 수변도시도 김제로 군민들 당장 철회하라 한 목소리 편집국에서 RE100 산단에 묻힌 주민 결정권격포 대규모 관광개발사업, 진입도로 기공식 한 지가 언젠데 내년 초 공사 착수 예정 오디세이 박정근의 귀향 이야기 12 세월의 무덤에 묻힌 사춘기의 문학적 환상 민주주의와 풀뿌리 자치 국민주권은 표심 그대로 선거제도부터 녹색 시선 고래도 뜨거운 바다를 싫어해강민숙 시인, 소년공 재명이가 부르는 노래 출간 내가 좋아하는 글귀 씨뿌려거두고 작은농장 할머니 글 65 아직 파아란 밀밭 보며 부동산일자리구독신청기사제보현재위치기획 연재연재오디세이 박정근의 귀향 이야기 오디세이 박정근의 귀향 이야기 12 세월의 무덤에 묻힌 사춘기의 문학적 환상박정근 문학박사, 황야문학 주간, 시인, 작가, 대진대 교수 역임제보입력 2025 05 30 11 11페이스북 으 로 기사보내기트위터 으 로 기사보내기카카오스토리 으 로 기사보내기URL복사 으 로 기사보내기다른 공유 찾기이 기사를 공유합니다페이스북 으 로 기사보내기트위터 으 로 기사보내기카카오스토리 으 로 기사보내기URL복사 으 로 기사보내기닫기바로가기기사스크랩하기복사하기본문 글씨 키우기본문 글씨 줄이기필자는 사춘기를 거치면서 문학에 대한 열정을 고향의 친구와 나누며 즐겼다 변산의 시골 청년이 청운의 꿈을 품고 익산 남성고에서 비상의 날개를 키우고 있었다 방학이 되면 고향에 내려와 지냈다 그 당시 특별한 재미는 일 년 선배 조찬용을 만나 그의 골방에서 몰래 술을 한잔 마시며 문학 이야기를 나누는 일이었다 그는 서울로 진학하여 한양공고를 다니고 있었다 하지만 그는 공고의 교과과정에는 별로 관심을 가지지 않았다 그는 고교 시절부터 시 동아리를 만들어 활동하는 문학청년이었다 인문계 고등학교에 다니면서 대학 진학에 목표를 두고 있던 필자는 대학 입시를 준비하느라 시험과목에 몰두하고 있었다 필자는 일찍이 문창과를 가려는 조찬용만큼 여유를 가질 수 없었다 그는 기술 과목에 대해 흥미를 잃고 시를 공부하고 있었다 그의 시는 이미 성숙한 성인들이 선호하는 사회풍자나 성적 판타지를 다루고 있었다 아직 미숙한 사춘기를 통과하고 있었던 필자는 그의 도발적인 소재와 창작물을 신기하게 바라볼 뿐이었다 언젠가 대학에 진학하면 도전하겠다고 생각할 뿐 창작에 엄두를 내지 못했다 모범생의 틀을 지키고 있었던 필자는 청소년의 사춘기를 멋지게 통과한 친구의 문학적 판타지를 선망의 눈길로 바라볼 뿐이었다 그리고 우리는 각자의 길을 걸어갔다 조찬용은 중앙대에 편입된 서라벌예대 문창과에 진학하여 문학의 꿈을 더 적극적 실현하려고 했다 필자는 대학에 입학하여 비로소 원어 연극을 만들며 지냈다 그리고 영문학을 전공하며 대학원에 진학하여 학자의 길을 걸었다 서로가 자기 일에 바빠 자주 연락하지 못하고 조찬용은 고등학교 교사로 필자는 영문학 교수로 각자의 길을 열심히 걸어갔다 최근에 필자는 조찬용 시인이 어떻게 살고 있는지 갑자기 궁금했다 서로 약간 다른 길을 걸었지만, 문학이라는 공통분모를 가지고 있어 다시 만나고 싶었다 나이 칠십이 넘어 사춘기에 가졌던 문학에 대한 열정을 다시 되살리면 서로에게 시너지 효과가 있겠다는 기대감에 전화를 걸었다 그는 필자의 전화에 호응하여 빨리 함께 만나 우정을 나누고 싶어 했다 마침 필자가 발행하는 황야문학 출판기념회를 준비하고 있었던 중이라서 종로 문화공간에서 만날 수 있었다 언뜻 그가 당뇨병으로 오래 고생했다는 이야기를 들었던 터라 과연 어떤 모습으로 나타날까 궁금하기도 했다 오랜만에 시인을 다시 만나는 순간 그가 아직 문학청년의 모습을 그대로 유지하고 있다는 것을 발견했다",naver_news_api,30202511,https://www.ibuan.com/news/articleView.html?idxno=54396,0,0.3662596046924591
"격포 대규모 관광개발사업, 진입도로 기공식 한 지가 언젠데…내년 초 ...","주요서비스 바로가기본문 바로가기매체정보 바로가기로그인 바로가기기사검색 바로가기전체서비스 바로가기전체메뉴 버튼독자마당자유게시판복덕방구인구직투고 제보구독신청뉴스정치 행정경제 생활문화 교육사회 지역관광 스포츠농림축산어업기획 연재기획 특집연재사람들클릭 이사람새 인물인사오피니언사설 칼럼독자발언대동영상뉴스전북권뉴스최종편집2025 05 30 11 17 금 로그인회원가입뉴스전체정치 행정경제 생활문화 교육사회 지역관광 스포츠농림축산어업기획 연재전체기획 특집연재사람들전체클릭 이사람새 인물인사귀농귀촌 신고합니다인터뷰오피니언전체사설 칼럼독자발언대기고동영상뉴스전체동영상 컨텐츠동영상뉴스전북권뉴스전체전북권뉴스주요뉴스많이 본 뉴스구독신청투고 제보기사검색검색실시간스마트 수변도시도 김제로 군민들 당장 철회하라 한 목소리 편집국에서 RE100 산단에 묻힌 주민 결정권격포 대규모 관광개발사업, 진입도로 기공식 한 지가 언젠데 내년 초 공사 착수 예정 오디세이 박정근의 귀향 이야기 12 세월의 무덤에 묻힌 사춘기의 문학적 환상 민주주의와 풀뿌리 자치 국민주권은 표심 그대로 선거제도부터 녹색 시선 고래도 뜨거운 바다를 싫어해강민숙 시인, 소년공 재명이가 부르는 노래 출간 내가 좋아하는 글귀 씨뿌려거두고 작은농장 할머니 글 65 아직 파아란 밀밭 보며 부동산일자리구독신청기사제보현재위치뉴스사회 지역격포 대규모 관광개발사업, 진입도로 기공식 한 지가 언젠데 내년 초 공사 착수 예정김종철 기자제보입력 2025.05.30 11 11페이스북 으 로 기사보내기트위터 으 로 기사보내기카카오스토리 으 로 기사보내기URL복사 으 로 기사보내기다른 공유 찾기이 기사를 공유합니다페이스북 으 로 기사보내기트위터 으 로 기사보내기카카오스토리 으 로 기사보내기URL복사 으 로 기사보내기닫기바로가기기사스크랩하기복사하기본문 글씨 키우기본문 글씨 줄이기골프장 환경영향평가서 초안 나와6월 20일까지 열람할 수 있어주민설명회 일정 두고 지적도바쁜 농번기에 일정 잡은 탓에주민 없는 주민설명회 열려내년초 본 공사 착수 예정 밝혀담수 물 이용, 종암제 이용 안 해올해 초, 본 공사도 아닌 진입도로 공사 기공식을 열면서 군민 속임 행위라고 지적받았던 격포지구 대규모 관광개발사업인 일명 격포 골프장 사업의 환경영향평가서 주민설명회가 농번기인 지난 28일 오후 2시에 열리면서 행정 편의적 설명회 일정이라는 지적이 나왔다.그런 탓인지 이날 설명회에는 10명이 안 되는 군민이 참석하는 데 그쳤다.오는 6월 20일까지 변산면사무소에서 자유롭게 열람할 수 있어 주민설명회가 크게 중요하지 않다는 의견도 있지만, 1년을 넘게 끌어온 사업인 만큼 많은 주민이 참석할 수 있는 일정을 잡았어야 한다는 지적이 힘을 얻는다.2020년부터 시작한 격포 골프장 사업은 내년 초에나 본 공사에 들어갈 전망이다.부안군은 변산면사무소 2층 회의실에서 열린 환경영향평가서 주민설명회 자리에서 이같이 밝히고 이르면 6월 중 현장 사무실이 개소될 예정이라고 말했다.참석자는 적었지만, 질의와 응답시간에는 여러 질문이 나왔다.격포 김종대 씨는 골프장에 물이 많이 사용되는데 어떻게 할 것인지 를 물었다. 이에 사업 관계자는 조사 결과, 물 부족 시기는 년 중 2개월에 그친다 며 골프장 내 저류지에 담수한 물을 이용할 계획으로서 농민들이 우려한 종암제 물은 사용하지 않는다 고 밝혔다.김 씨는 부안군을 향해 오 폐수 처리 능력을 키우는 사업이 동시에 이뤄져야 한다 고 지적했다. 부안군은 현재 공사가 진행 중이고 빨리 이뤄질 수 있도록 노력하겠다 고 답했다.따가운 지적을 받았던 진입도로 기공식에 대한 불만도 나왔다.김종대 씨는 진입도록 기공식 한다며 이름난 사람들은 다 불러놓고 거창하게 했는데 아직도 착공하지 않은 이유는 뭐냐 며 보여주기식 행정에 대한 일침과 함께 서둘러 착공해야 한다는 의견을 질문으로 던졌다. 부안군 담당자는 진입도로 기공식을 할지 말지 논란이 있었는데 간소하게 이뤄졌다 고 사업자와 부안군 간 피치 못 하게 해야 할 행사였음을 해명했다.주민들이 내달 20일까지 공람하게 돼 있지만, 사실상 초안 공람은 형식에 가깝다.면 소재지 인근에서 만난 한 변산면민은 주민설명회를 하는지도 몰랐지만, 가서 열람한다고 해도 아는 게 있어야 의견을 제시할 것 아니겠냐 며 관심이 없음을 드러냈다.주민설명회가 시작되는 오후 2시 모습, 공무원과 관계자를 빼면 5명 미만의 주민들이 참석했다. 바쁜 농번기에 설명회 일정을 잡았기 때문이다.격포지구 대규모 관광개발사업은 변산면 마포리 산 59 4번지 일원에서 펼쳐진다.대중제 골프장 18홀, 67실 규모 관광호텔, 스파와 카페 야생화 공원이 조성되는 3층 규모 복합휴양 시설, 암벽 체험장, 20개소의 야영장이 들어설 예정이다.환경영향평가서에 따르면, 공사 시 깎기 쌓기 작업에 따른 지형변화와 비산 먼지와 소음 진동 발생, 토사유출 등 영향이 있을 것이 예상된다. 또한 시설 운영 시 오수, 비점오염물질 및 폐기물 발생, 공사 장비운영과 발파에 따른 소음 발생 등은 불가피할 전망이다.이 같은 환경 영향에 대해, 사면 안정화 대책을 세우고 세륜 세차 시설 설치, 주기적인 살수, 가설 방음 판넬 설치 등으로 주변 환경에 미치는 영향을 최소화토록 계획돼 있다고 밝혔으며, 시설 운영 시 오수와 초기우수 처리계획, 소음 저감 대책을 마련하고 평가서는 지적했다.이 밖에도 불가피한 환경 영향에 대해서는 모니터링을 통해 저감 대책을 마련토록 했다.이 사업은 지난 2020년 9월 4일 민간사업자 공모에 나서면서 시작됐다. 그해 12월 우선협상자를 선정한 후 이듬해인 2021년 6월 대일변산관광개발과 사업 협약을 체결하고 본격적인 추진에 들어갔다.2022년 12월 한차례의 사업 협약 변경을 거쳐 2023년 8월 전략환경영향평가 초안 공람과 함께 주민설명회가 개최됐다. 환경영향평가서의 보완을 거쳐 지난 2024년 4월 전략환경영향평가 협의가 완료됐으며 다음 해인 2025년 4월 토지 매수협의 결과가 반영된 부안군 관리계획이 승인 고시됐다.저작권자 부안독립신문 무단전재 및 재배포 금지개의 댓글회원로그인작성자비밀번호댓글 내용입력0 400등록댓글 정렬최신순추천순답글순BEST댓글BEST 댓글답글과 추천수를 합산하여 자동으로 노출됩니다.닫기더보기댓글삭제삭제한 댓글은 다시 복구할 수 없습니다.그래도 삭제하시겠습니까?비밀번호삭제닫기댓글수정댓글 수정은 작성 후 1분내에만 가능합니다.본문 400비밀번호수정닫기내 댓글 모음닫기많이 본 뉴스1제21대 대통령선거, 후보 등록 마치고 본격 일정 시작2부안 딸기 농장서 힐링한 일본 관광객들, 내년에도 오고 싶어요 3제12회 마실축제, 주제 없는 축제를 없애야 할 이유 보여줘4 직격 인터뷰 권익현 부안군수, 양육점과 송전탑은 RE100 산단 조성의 필수 요건 5백산초, 스승의 날 기념 특별한 장학금 전달식 가져주요뉴스 편집국에서 RE100 산단에 묻힌 주민 결정권격포 대규모 관광개발사업, 진입도로 기공식 한 지가 언젠데 내년 초 공사 착수 예정 오디세이 박정근의 귀향 이야기 12 세월의 무덤에 묻힌 사춘기의 문학적 환상 민주주의와 풀뿌리 자치 국민주권은 표심 그대로 선거제도부터포토뉴스 카메라 고발 마실 축제를 알리는 첫 신호탄은 공사판 카메라 고발 제초제로 뒤덮이는 신운천과 해뜰마루 산책길 포토뉴스 백산성에서 바라본 을사년 새해 일출헤드라인 뉴스스마트 수변도시도 김제로 군민들 당장 철회하라 한 목소리 직격 인터뷰 권익현 부안군수, 양육점과 송전탑은 RE100 산단 조성의 필수 요건 제12회 마실축제, 주제 없는 축제를 없애야 할 이유 보여줘송전탑대책위, 부안군은 입장을 밝혀라 성명내고 질의서 전달해전라북도 부안군 번영로 96, 3층대표전화 063 581 8787팩스 063 581 8788부안독립신문제호 부안독립신문등록번호 전북 다 01198등록일 2004 09 08발행일 2004 09 22발행인 김재성편집인 김종철청소년보호책임자 우병길Copyright 2025 부안독립신문.Allrights reserved.매체소개투고 제보이용약관개인정보처리방침청소년보호정책저작권보호정책이메일무단수집거부위로모바일버전전체기사뉴스전체정치 행정경제 생활문화 교육사회 지역관광 스포츠농림축산어업기획 연재전체기획 특집연재사람들전체클릭 이사람새 인물인사귀농귀촌 신고합니다인터뷰오피니언전체사설 칼럼독자발언대기고동영상뉴스전체동영상 컨텐츠동영상뉴스전북권뉴스전체전북권뉴스전체메뉴닫기",naver_news_api,30202511,https://www.ibuan.com/news/articleView.html?idxno=54399,0,0.3662596046924591
[편집국에서] RE100 산단에 묻힌 주민 결정권,"주요서비스 바로가기본문 바로가기매체정보 바로가기로그인 바로가기기사검색 바로가기전체서비스 바로가기전체메뉴 버튼독자마당자유게시판복덕방구인구직투고 제보구독신청뉴스정치 행정경제 생활문화 교육사회 지역관광 스포츠농림축산어업기획 연재기획 특집연재사람들클릭 이사람새 인물인사오피니언사설 칼럼독자발언대동영상뉴스전북권뉴스최종편집2025 05 30 11 17 금 로그인회원가입뉴스전체정치 행정경제 생활문화 교육사회 지역관광 스포츠농림축산어업기획 연재전체기획 특집연재사람들전체클릭 이사람새 인물인사귀농귀촌 신고합니다인터뷰오피니언전체사설 칼럼독자발언대기고동영상뉴스전체동영상 컨텐츠동영상뉴스전북권뉴스전체전북권뉴스주요뉴스많이 본 뉴스구독신청투고 제보기사검색검색실시간스마트 수변도시도 김제로 군민들 당장 철회하라 한 목소리 편집국에서 RE100 산단에 묻힌 주민 결정권격포 대규모 관광개발사업, 진입도로 기공식 한 지가 언젠데 내년 초 공사 착수 예정 오디세이 박정근의 귀향 이야기 12 세월의 무덤에 묻힌 사춘기의 문학적 환상 민주주의와 풀뿌리 자치 국민주권은 표심 그대로 선거제도부터 녹색 시선 고래도 뜨거운 바다를 싫어해강민숙 시인, 소년공 재명이가 부르는 노래 출간 내가 좋아하는 글귀 씨뿌려거두고 작은농장 할머니 글 65 아직 파아란 밀밭 보며 부동산일자리구독신청기사제보현재위치오피니언사설 칼럼 편집국에서 RE100 산단에 묻힌 주민 결정권김종철 기자제보입력 2025 05 30 11 11페이스북 으 로 기사보내기트위터 으 로 기사보내기카카오스토리 으 로 기사보내기URL복사 으 로 기사보내기다른 공유 찾기이 기사를 공유합니다페이스북 으 로 기사보내기트위터 으 로 기사보내기카카오스토리 으 로 기사보내기URL복사 으 로 기사보내기닫기바로가기기사스크랩하기복사하기본문 글씨 키우기본문 글씨 줄이기더 좋은 삶이란 어떤 삶을 말하는 것일까,어떤 사람은 경제적으로 풍요로운 삶을 원할 수도 있고 어떤 사람은 현재에 만족하는 삶을 원할 수도 있다 이처럼 더 좋은 삶이란 저마다 느끼는 삶에 대한 가치의 차이라고 할 수 있다 결국 어떤 삶을 살 것인지는 자기가 결정한다 헌법에서 보장하는 자기 결정권이라는 이 권리는 스스로 자유롭게 결정하고 행동할 수 있는 권리 로서 국가나 다른 사람의 간섭 없이 스스로 결정할 수 있는 자율적인 권리를 의미한다고 AI는 말한다 이런 자기 결정권을 가진 사람들이 한뜻으로 모이면 자기가 아닌 주민 결정권으로 확대된다 주로 내가 사는 마을에 무슨 일이 생기면 주민 결정권이 힘을 발휘하는 데 20여 년 전에 이 권리를 빼앗겼다는 이유로 방폐장 사태가 벌어졌다 작년에 생긴 송전탑 반대대책위도 이 주민 결정권이 침해됐다는 이유로 만들어졌다 지난주에 양육점과 송전탑 문제를 두고 권익현 군수와 1시간가량 인터뷰했다 긴 대화에서 알게 된 것 두 가지다 하나는 부안군은 RE100 산단이라는 목표 를 위해 양육점과 송전탑을 희망한다는 사실이고, 두 번째는 부안군은 그 목표가 부안군의 발전 을 이끌 것으로 확신 한다는 점이다 하나 더 하자면, 부안군의 관점인데 부안군은 부안군민 모두는 더 좋은 삶을 위해 개발과 발전을 원한다고 보는 것이다 발전과 목표, 확신이라는 세 단어는 무섭다 송전탑 반대의 원인인 주민 결정권 침해의 요소로 작용했기 때문이다 발전을 위해서, 목표 달성을 위해서, 그렇게 해야 한다는 확신에서 시작된 양육점과 송전탑, RE100 산단은 주민들로부터 결정받았을까 송전탑 반대대책위는 양육점이 결정됨에 따라 송전탑이 지나갈 수밖에 없도록 한 것 을 문제 삼고 있다 지나갈 수밖에 없다 는 이 말은 주민이 선택하고 결정할 권리를 주지 않았다 는 뜻과 같다 실과 바늘처럼 한 쌍인 양육점과 송전탑에 골무처럼 붙은 RE100 산단을 모두 분리해 바라본 부안군의 잘못도 있지만, 아마도, 앞서 말한 주민들이 결정하지 않은 발전과 목표, 확신의 탓일 수 있다 또한, 권 군수는 입지선정위가 만들어지고 이 회의에서 반대하면 송전탑이 못 온다고 선택권이 있는 것 처럼 말했다 하지만, 법 은 그렇지 않다 법을 몰랐을 리 없지만, 이 법을 고려하지 않았다면 꼭 해내겠다는 확신과 의지에 눈이 가려지고 결국 보고 챙겨야 할 것을 놓친 것에 그친다 송전탑이 지나가는 지역에 사는 주민들은 결국 피해자가 될 수밖에 없다 보상금을 얼마나 준다는 것도 경제적 논리에 그칠 뿐이다",naver_news_api,30202511,https://www.ibuan.com/news/articleView.html?idxno=54400,0,0.3662596046924591
[오늘의 주요 사회 일정] 전북(5월30일 금요일),"주요서비스 바로가기본문 바로가기매체정보 바로가기로그인 바로가기기사검색 바로가기전체서비스 바로가기상단영역UPDATE 2025 05 30 16 50 금 기사검색검색홈로그인회원가입전체기사보기rss기업포커스글로벌비즈기업정책산업전자 IT자동차 항공 운송건설 부동산조선 철강 기계유통에너지 화학연재남영진최성범남경우이동준이현우최충현김홍국이민주김선태박병호하응백한필이김미영김광신추덕 배재원세컨드 라이프박병호의 K아트 시대 패럴런트아트창업창업고용경제정책증권금융산업증시인물광장오피니언기자칼럼인성교육커피 티기고화폐로 떠나는 세계여행박병호의 중국견문록신선윤의 당구이야기카드뉴스오늘의 명언카드뉴스그래픽전체메뉴 버튼본문영역이전 기사보기다음 기사보기 오늘의 주요 사회 일정 전북 5월30일 금요일 바로가기복사하기본문 글씨 줄이기본문 글씨 키우기스크롤 이동 상태바현재위치홈종합 오늘의 주요 사회 일정 전북 5월30일 금요일 기자명원종서 기자입력 2025.05.30 11 57댓글 0바로가기복사하기본문 글씨 줄이기본문 글씨 키우기SNS 기사보내기페이스북 으 로 기사보내기트위터 으 로 기사보내기카카오스토리 으 로 기사보내기URL복사 으 로 기사보내기이메일 으 로 기사보내기다른 공유 찾기기사스크랩하기이 기사를 공유합니다페이스북 으 로 기사보내기트위터 으 로 기사보내기카카오스토리 으 로 기사보내기URL복사 으 로 기사보내기닫기 전북특별자치도 오전 10시30분 오후 2시, 실국 업무보고, 행정부지사실 전주시 오전 10시, 2025 전주단오 풍년기원제, 덕진공원 일원 오후 2시, 2025년 전주시 평생교육협의회, 시청 4층 회의실 오후 2시, 제38회 세계 금연의 날 기념 금연 캠페인, 풍남문광장 오후 3시, 2025년 전주시민대상 및 모범시민상 시상식, 재 한국전통문화전당 공연장 오후 4시, 2025년 제1회 장애인자립지원위원회, 전북중증장애인자립지원연대 군산시 오전 8시45분, 미공군 제8전투비행단장 이취임식, 미공군기지 오후 2시, 미공군 제8전투비행단 신임단장 시청 예방, 시장실 오후 4시, 군산시 초록우산 가족돌봄 아동 청소년 지원 프로젝트 업무협약식, 시장실 익산시 2025 펜싱 국가대표 선발전 6.5. , 실내체육관, 반다비체육관 오전 10시, 익산형 통합돌봄 민관 추진단 TF 회의, 대회의실 정읍시 오전 11시30분, 태인 동심회 제35차 방역발대식, 동심회사무실 오후 3시, 관광발전위원회, 중회의실 남원시 오전 8시30분, 확대간부회의, 회의실 오전 9시, 제21대 대통령 선거 사전투표 29일 30일 , 23개 읍면동 오전 11시, 사회적경제 스타기업 업무협약, 시장실 오후 1시30분, 학교복합시설 건립 실시협약, 시장실 김제시 오전 6시, 제21대 대통령선거 사전투표 추진, 사전투표소 오전 9시, 시립도서관 임시 개관 운영 시립도서관 오전 10시30분, 제21회 김제시장기 전국 남녀 궁도대회 개회식, 홍심정 오후 2시, 지방소멸 대응 지역혁신 프로젝트 발대식, 보령시 완주군 오후 2시, 종합운동장 및 실내테니스장 조성사업 착수보고회, 전략회의실 진안군 오전 9시, 문화관광해설사 및 외국어 통역안내원 역량강화교육, 진안읍행정복지센터 오후 2시, 노후 공공주택 지원 및 관리대책 간담회, 상황실 오후 2시, 진안홍삼 유관기관 통합방안 연구용역 기관 설명회, 홍삼연구소 오후 4시, 진안군 청소년 문화축제 Hi Teen , 진안만남쉼터 무주군 오전 9시, 정신건강복지센터 사회적응활동 너와 나, 우리 함께 , 영동군 일원 장수군 오전 9시30분, 제60회 대한노인회 장수군지회장기 게이트볼 대회, 장수읍 게이트볼 전용구장 임실군 오후 2시, 벼 병해충 공동방제협의회, 종합상황실 순창군 오전 8시, 옥외근로자 등 현업근로자 특수건강검진, 순창읍행정복지센터 오전 9시, 2025년 순창문화원 지역민 역사 문화탐방, 남원시 일원 오전 11시, 대한노인회 순창군지회장기 파크골프대회 기념식, 유등면 힐링파크골프장 오후 3시10분, 제21대 대통령선거 청소년 모의투표, 순창북중학교 고창군 오전 8시30분, 주요 간부공무원 3국 회의, 군수실 오전 10시, 군 금고지정 심의위원회, 2층 회의실 오후 5시, 고창 청소년 앞날창창 프로그램, 고창읍성 잔디광장 부안군 오전 9시50분, 이웃돕기 성금 기탁식 안산 부경회 회장 이청수 , 군수실 오전 11시, 부안군 근농인재육성재단 장학금 기탁식 부안읍 새마을부녀회 회장 강명례 , 군수실 오후 7시, 군민과 관광객을 위한 금요 버스킹, 젊음의 거리원종서 보기저작권자 이코노뉴스 무단전재 및 재배포 금지당신만 안 본 뉴스소휘 소화효소 ㅇㅈㅎㅅ 캐시워크 퀴즈는 OOOO 리얼마이즈 레몬즙 ㅂㅌㅁㅅㅅ...캐시워크 퀴즈는 OOO 알룰로스 ㅈㅇㅂㅇ 캐시워크 퀴즈는 OOOO 11번가 ㅇㅁㅌ...캐시워크 퀴즈는 OOO 삼닷 ㄷㄱ 오퀴즈는 OOOO LG전자 ㅂㅅㅍㅅㅌㅂ 오퀴즈는 OOOO 땅콩버터 크런치 ㅎㄱㄲㅈ...캐시워크 퀴즈는 OOO 개의 댓글회원로그인작성자비밀번호댓글 내용입력0 400등록댓글 정렬최신순추천순답글순BEST댓글BEST 댓글답글과 추천수를 합산하여 자동으로 노출됩니다.닫기더보기댓글삭제삭제한 댓글은 다시 복구할 수 없습니다.그래도 삭제하시겠습니까?비밀번호삭제닫기댓글수정댓글 수정은 작성 후 1분내에만 가능합니다.본문 400비밀번호수정닫기내 댓글 모음닫기주요기사이재용, 4년 연속 호암상 참석해 수상자 격려 인재제일 , 동행 철학 계승이상일 용인특례시장, 서룡초 통학로 점검하고 교통안전 캠페인 동참종근당건강 숫자 5자 캐시워크 퀴즈는 OOOO 호암재단, 2025 삼성호암상 시상식 개최해양수산부, 제11회 북극 아카데미 참가자 모집 북극 대학생과 국제교류GS25, 손앤박 하티 색조 화장품 단독 출시최신뉴스이재용, 4년 연속 호암상 참석해 수상자 격려 인재제일 , 동행 철학 계승이상일 용인특례시장, 서룡초 통학로 점검하고 교통안전 캠페인 동참종근당건강 숫자 5자 캐시워크 퀴즈는 OOOO 호암재단, 2025 삼성호암상 시상식 개최해양수산부, 제11회 북극 아카데미 참가자 모집 북극 대학생과 국제교류포토뉴스이재용, 4년 연속 호암상 참석해 수상자 격려 인재제일 , 동행 철학 계승이상일 용인특례시장, 서룡초 통학로 점검하고 교통안전 캠페인 동참종근당건강 숫자 5자 캐시워크 퀴즈는 OOOO 호암재단, 2025 삼성호암상 시상식 개최인기뉴스1소휘 소화효소 ㅇㅈㅎㅅ 캐시워크 퀴즈는 OOOO 2리얼마이즈 레몬즙 ㅂㅌㅁㅅㅅ...캐시워크 퀴즈는 OOO 3알룰로스 ㅈㅇㅂㅇ 캐시워크 퀴즈는 OOOO 411번가 ㅇㅁㅌ...캐시워크 퀴즈는 OOO 5삼닷 ㄷㄱ 오퀴즈는 OOOO 6LG전자 ㅂㅅㅍㅅㅌㅂ 오퀴즈는 OOOO 7땅콩버터 크런치 ㅎㄱㄲㅈ...캐시워크 퀴즈는 OOO 8설화수 ㅈㅊㄷ 오퀴즈는 OOOO 하단메뉴신문사소개개인정보처리방침청소년보호정책이메일무단수집거부매체정보서울특별시 마포구 백범로 235 , 5층 신공덕동, 신보빌딩 대표전화 070 7817 0177팩스 02 464 5958대표법인 이코노뉴스등록번호 서울, 아03530등록일 2015 01 19발행 편집인 이종수청소년보호책임자 조희제 열린보도원칙 당 매체는 독자와 취재원 등 뉴스이용자의 권리 보장을 위해 반론이나 정정보도, 추후보도를 요청할 수 있는 창구를 열어두고 있음을 알려드립니다.고충처리인 조희제 070 7817 0177 이코노뉴스.Allrights reserved.위로전체메뉴전체기사기업포커스글로벌비즈전체기업정책산업전체전자 IT자동차 항공 운송건설 부동산조선 철강 기계유통에너지 화학연재전체남영진최성범남경우이동준이현우최충현이종수이민주김선태박병호하응백한필이김미영김광신민족미래연구소추덕 배재원최재길세컨드 라이프항바이러스봄날 선생의 명상박병호의 K아트 시대 패럴런트아트윤정애 박사의 마음걸음마박세관 박사의 내 몸 사용법창업전체창업고용경제전체정책증권금융산업증시인물광장오피니언전체기자칼럼인성교육커피 티기고화폐로 떠나는 세계여행박병호의 중국견문록신선윤의 당구이야기카드뉴스전체오늘의 명언카드뉴스그래픽전체메뉴닫기",naver_news_api,30202511,http://www.econonews.co.kr/news/articleView.html?idxno=389970,0,0.38475164771080017
[영상구성] 전북 부안서 해루질하던 여성 2명 물에 빠져…1명 사망 外,전북 부안서 해루질하던 여성 2명 물에 빠져 1명 사망 서울 성수동 식품기계 공장서 불 인명피해 없어 일방통행 도로서 역주행 시비 상대차량 동승자 숨지게 한 40대 음주 운전했지? 유흥가서 22명 돈 뜯은 일당 적발 연합뉴스TV 기사문의 및 제보 카톡 라인 jebo23,naver_news_api,30202512,https://n.news.naver.com/mnews/article/422/0000745267?sid=102,0,0.39083775877952576
[제보23] 전북 부안서 해루질하던 여성 2명 물에 빠져…1명 사망 外,"전북 부안서 해루질하던 여성 2명 물에 빠져 1명 사망 어젯 29일 밤 11시 40분쯤 전북 부안 변산면 대항리 한 갯바위 인근에서 해루질하던 60대 여성 2명이 물에 빠지는 사고가 발생했습니다. 당시 인근에 있던 시민이 이들을 구해 응급처치를 했지만 한 명이 끝내 숨졌습니다. 나머지 구조된 인원은 저체온증을 호소해 병원으로 옮겨져 치료를 받고 있습니다. 해경은 이들이 갯바위에 바닷물이 차오르면서 고립돼 사고를 당한 것으로 추정하고 정확한 사고 경위를 조사하고 있습니다. 서울 성수동 식품기계 공장서 불 인명피해 없어 어젯 29일 밤 11시 35분쯤 서울 성동구 성수동에 있는 식품 기계 제조 기계 공장에서 불이 나 1시간여 만에 꺼졌습니다. 공장 직원들이 모두 퇴근한 시간이라 이 불로 인해 다친 사람은 없었지만, 공장 내부가 일부 탔습니다. 소방당국은 정확한 화재 원인과 피해 규모를 조사하고 있습니다. 일방통행 도로서 시비 상대차량 동승자 숨지게 한 40대 일방통행 도로에서 시비가 붙은 상대 차량의 동승자를 숨지게 한 40대가 경찰에 붙잡혔습니다. 경기 평택경찰서는 상해치사 혐의로 A 씨에 대해 구속영장을 신청할 계획이라고 밝혔습니다. A 씨는 지난 28일 오후 6시 50분쯤 평택시 포승읍의 한 아파트 인근 일방통행 도로에서 승용차를 몰고 역주행하다가 상대 차량의 동승자 60대 B 씨를 차 사고로 숨지게 한 혐의를 받고 있습니다. B 씨는 역주행한 A 씨가 양보하지 않자, A 씨의 차량으로 다가가 운전석 쪽 창문을 붙잡았는데 A 씨가 이를 무시한 채 출발해 사고가 난 것으로 조사됐습니다. 음주 운전했지? 유흥가서 22명 돈 뜯은 일당 적발 충북경찰청이 음주 운전이 의심되는 차량의 앞을 가로막거나 고의로 사고를 낸 뒤 신고하겠다고 협박해 거액을 뜯은 20대 8명을 검찰에 넘겼습니다. 경찰에 따르면 A 씨 등은 지난 2023년 8월부터 지난해 4월까지 청주와 대전의 유흥가에서 음주 운전이 의심되는 차량 운전자 22명을 협박해 돈을 뜯은 혐의를 받습니다. 이들은 이 같은 방식으로 11명으로부터 총 4,500만 원을 뜯어냈으며, 요구에 응하지 않은 일부 운전자는 실제 경찰에 신고한 것으로 파악됐습니다. 경찰은 이 외에도 이들이 지난 2020년 2월부터 지난해 4월까지 교통법규 위반 차량을 상대로 23차례 고의 사고를 내 1억 5,400여만 원의 보험금을 타 낸 사실을 적발하고 사건을 함께 검찰에 넘겼습니다. 공장화재 역주행 음주운전 해루질 연합뉴스TV 기사문의 및 제보 카톡 라인 jebo23",naver_news_api,30202512,https://n.news.naver.com/mnews/article/422/0000745276?sid=102,1,0.38215720653533936
"&quot;농부의 손길에 담긴 땀방울, 함께 나누겠습니다&quot; 정화영 부군수의 따뜻...","주요서비스 바로가기본문 바로가기매체정보 바로가기로그인 바로가기기사검색 바로가기전체서비스 바로가기상단영역로그인회원가입모바일웹PDF보기2025 05 30 17 58 금 instagramnaverblogfacebookyoutube전체메뉴 버튼정치정치일반대통령실국회 정당행정 의회사회사회일반사건 사고법원 검찰보건 의료노동 복지날씨경제경제일반금융 주식건설 부동산산업 기업 통신유통 쇼핑 소비자농업 축산 수산업교육교육일반초 중 고대학지역군산익산정읍남원김제완주진안무주장수임실순창고창부안광주 전남문화문화일반공연 전시연극 영화문학 출판문화재종교스포츠스포츠일반생활체육학교체육프로축구 농구기획 시리즈특집 종합레저 위크엔드전라일보가 만난 사람오피니언 1사설호남제일문전라포럼기자수첩황화대 이춘구의 세상이야기인사.알림독자기고결혼부음인사알림포토 영상포토영상선거 선택2024 4.10지방선거 선택 2022 전북 미래가 달렸다전라포럼소개교육과정입학안내커뮤니티검색기사검색검색상세검색본문영역이전 기사보기다음 기사보기 농부의 손길에 담긴 땀방울, 함께 나누겠습니다 정화영 부군수의 따뜻한 동행스크롤 이동 상태바지역기사입력 2025.05.30 13 16 농부의 손길에 담긴 땀방울, 함께 나누겠습니다 정화영 부군수의 따뜻한 동행SNS 기사보내기페이스북 으 로 기사보내기트위터 으 로 기사보내기카카오톡 으 로 기사보내기URL복사 으 로 기사보내기가가이 기사를 공유합니다페이스북 으 로 기사보내기트위터 으 로 기사보내기카카오톡 으 로 기사보내기URL복사 으 로 기사보내기닫기 힘드시죠? 저희가 조금이나마 보탬이 됐으면 좋겠습니다. 30일, 동진면 증산리의 오디밭에는 정화영 부안군 부군수의 따뜻한 인사가 울려 퍼졌다.본격적인 수확기를 맞은 농촌은 일손 부족으로 한창 바쁜 시기. 정 부군수는 농업정책과 직원들과 함께 오디 수확에 나서며, 바쁜 농심과 고된 손길에 온기를 보탰다.정 부군수는 농가 어르신들의 굵은 땀방울을 닦아드리고, 오디 수확 바구니를 나르며 농민 한 사람 한 사람의 이야기에 귀 기울였다.누구보다 현장을 먼저 찾고, 말보다 행동으로 위로를 건넸다. 농촌은 누군가의 손길이 절실할 때가 있습니다. 농민 여러분께서 지어주신 귀한 농산물 덕분에 우리가 살아가는 것 아니겠습니까. 오늘의 작은 손길이 농가의 마음에 위로가 되길 바랍니다. 현장을 돌며 농민들의 애로사항과 건의사항을 하나하나 챙긴 정 부군수는 행정이 멀리 있는 것이 아니라 늘 곁에 있다는 걸 느끼게 해드리고 싶었다 며 앞으로도 농업인들에게 힘이 되는 정책, 손에 잡히는 지원을 아끼지 않겠다 고 약속했다.부안군은 6월까지 농촌일손돕기를 지속하며, 어려운 농가 지원에 행정력을 집중할 예정이다.정 부군수는 농부의 땀방울이 헛되지 않도록, 군민과 함께하는 행정, 따뜻한 부안을 만들어 가겠다 고 따뜻한 마음을 전했다.최규현 다른기사저작권자 전라일보 무단전재 및 재배포 금지개의 댓글회원로그인작성자비밀번호댓글 내용입력0 400등록댓글 정렬최신순추천순답글순BEST댓글BEST 댓글답글과 추천수를 합산하여 자동으로 노출됩니다.닫기더보기댓글삭제삭제한 댓글은 다시 복구할 수 없습니다.그래도 삭제하시겠습니까?비밀번호삭제닫기댓글수정댓글 수정은 작성 후 1분내에만 가능합니다.본문 400비밀번호수정닫기내 댓글 모음닫기주요뉴스전주시, 도시환경 변화 맞춰 도시계획 조정 나서 중앙축산, 녹색 익산 만들기 동참전북기계공고 학생들, 정성 모아 장학금 기탁익산시, 중앙동 구도심에 안전 인프라 확충정성주 김제시장, 제21대 대통령선거 투표 독려 캠페인 참여김제시, 미래 특장차세대 성장 프로젝트 시동 지방소멸 대응 본격화전춘성 진안군수, 사전투표 독려 캠페인 참여진안군, 소상공인 카드수수료 최대 30만원 지원많이 본 기사1전주여고 총동창회, 개교 99주년 기념식 정기총회 개최2지방을 살리려면 사람에 대한 세제 혜택부터 시작해야3이재명, 사전투표일에 반드시 투표해달라 4디즈니랜드 유치전5전북 242곳서 제21대 대선 사전투표소 운영 신분증 챙기세요 하단영역하단메뉴매체소개기사제보이용약관개인정보처리방침청소년보호정책저작권보호정책이메일무단수집거부매체정보전북특별자치도 전주시 완산구 전라감영로 75 전라일보 대표전화 063 232 3132팩스 063 284 0705 주 전라일보제호 전라일보등록번호 전북 가 00003등록일 1994 05 23발행일 1994 06 08사업자등록번호 402 81 15601발행 편집인 유현식청소년보호책임자 유동성Copyright 2025 전라일보.Allrights reserved.위로전체메뉴전체기사정치전체정치일반청와대국회 정당행정 의회사회전체사회일반사건 사고법원 검찰보건 의료노동 복지날씨경제전체경제일반금융 주식건설 부동산산업 기업 통신유통 쇼핑 소비자농업 축산 수산업교육전체교육일반초 중 고대학지역전체군산익산정읍남원김제완주진안무주장수임실순창고창부안광주 전남문화전체문화일반공연 전시연극 영화문학 출판문화재종교연예 패션 뷰티스포츠전체스포츠일반생활체육학교체육프로축구 농구김용권 교수의 100세 건강꿀팁기획 시리즈전체특집 종합레저 위크엔드전라일보가 만난 사람농업도 경쟁력이다교육 공동체를 회복하자전북 미래 먹거리 탄소산업박물관 순례전북 문화 아이콘 50선살맛나는 판명사의 발자취를 찾아서농업도 경쟁력이다2016년 신년특집창간 21주년 특집창간 22주년 특집다시보는 백제사농업, 강소농에게 배운다작지만 꿈이 영그는 교정전북1000리길전북 농생명 연구현장동네방네만경강과 동진강이 살아야 새만금이 산다전북 농생명 산업 방향전주시, 자전거 활성화 성공을 꿈꾼다민선 7기 단체장에게 듣는다 호남 젖줄 전북의 강을 살리자스타트업 현장을 가다마을에서 호흡하는 역사의 숨결전북지역 동학농민혁명의 발자취성장하는 전북 농가 가공업음식관광 선진지전주시 온두레공동체포토스토리 다 함께전북학전북 선도기업을 가다청년농업인전북의 가야유네스코와 전북의 유산지역특화 농업현장 포착하다지역의 눈코로나 극복 지역 농산물 함께지역선도 농업인전북 선도농업 연구 지도 현장을 가다침체된 전북관광 활성화 캠핑이 뜬다전북도 중국구이저우성 빅데이터 포럼침체된 전북관광 활성화 캠핑이 뜬다전북유학의 맥전북 오래된 마을 역사와 현재내년 6 1지선전북대 행정대학원 문샷싱킹 명사 특강이동희의 전라감사 열전새만금 돋보기설특집전라일보 주최 농생명수도 도약 위한 전북의 도전과응전 포럼전북도 중국구이저우성 빅데이터 포럼특집2021 전북 농생명산업포럼 4차 산업혁명과 농업전북시간여행카페포토 동영상전체포토동영상창간특집전체선거 지자체장선거전체 선택 2024 4.10 총선 선택 2022 전북 미래가 달렸다6 13 지방선거 여론조사6 13 지방선거6 1 지방선거 여론조사20대 대선20대 대선레저 여행 생활전체진안무주장수임실순창정보오피니언전체사설호남제일문전라포럼기자수첩황화대 이춘구의 세상이야기데스크칼럼인사.알림전체독자기고결혼부음인사알림이번주 주말愛 생활정보 톡톡 the_쉼전체coming soon창간특집전체메뉴닫기",naver_news_api,30202513,http://www.jeollailbo.com/news/articleView.html?idxno=768740,0,0.3917713463306427
"부안소방서, 새내기 의용소방대원 실무 교육 진행… 지역 안전지킴이로...","주요서비스 바로가기본문 바로가기매체정보 바로가기로그인 바로가기기사검색 바로가기전체서비스 바로가기상단영역로그인회원가입모바일웹PDF보기2025 05 30 17 58 금 instagramnaverblogfacebookyoutube전체메뉴 버튼정치정치일반대통령실국회 정당행정 의회사회사회일반사건 사고법원 검찰보건 의료노동 복지날씨경제경제일반금융 주식건설 부동산산업 기업 통신유통 쇼핑 소비자농업 축산 수산업교육교육일반초 중 고대학지역군산익산정읍남원김제완주진안무주장수임실순창고창부안광주 전남문화문화일반공연 전시연극 영화문학 출판문화재종교스포츠스포츠일반생활체육학교체육프로축구 농구기획 시리즈특집 종합레저 위크엔드전라일보가 만난 사람오피니언 1사설호남제일문전라포럼기자수첩황화대 이춘구의 세상이야기인사.알림독자기고결혼부음인사알림포토 영상포토영상선거 선택2024 4.10지방선거 선택 2022 전북 미래가 달렸다전라포럼소개교육과정입학안내커뮤니티검색기사검색검색상세검색본문영역이전 기사보기다음 기사보기부안소방서, 새내기 의용소방대원 실무 교육 진행 지역 안전지킴이로 첫발스크롤 이동 상태바지역기사입력 2025.05.30 13 16부안소방서, 새내기 의용소방대원 실무 교육 진행 지역 안전지킴이로 첫발SNS 기사보내기페이스북 으 로 기사보내기트위터 으 로 기사보내기카카오톡 으 로 기사보내기URL복사 으 로 기사보내기가가이 기사를 공유합니다페이스북 으 로 기사보내기트위터 으 로 기사보내기카카오톡 으 로 기사보내기URL복사 으 로 기사보내기닫기부안군의 지역 안전을 책임질 새 얼굴들이 모였다.부안소방서 서장 소철환 는 지난 29일 본서 2층 행안의용소방대 사무실에서 신규 의용소방대원 28명을 대상으로 직무 교육을 실시했다.이번 교육은 부안군 내 15개 의용소방대에 새롭게 합류한 대원들을 위해 마련된 자리다. 이들은 앞으로 재난 현장과 지역 봉사활동, 화재예방 캠페인 등 다양한 현장에서 활약하게 된다.교육 프로그램은 현장에서 바로 활용할 수 있는 실습 위주로 구성됐다.청렴 교육을 통해 공직자로서 가져야 할 기본 자세를 배우고, 의용소방대 관련 법령과 임무를 숙지했으며, 심폐소생술과 응급처치 실습을 통해 위급 상황 대응 능력을 키웠다.교육을 마친 신규 대원들은 앞으로 부안군 곳곳에서 주민들의 생명과 안전을 지키기 위한 든든한 지원군으로 활동하게 된다.소철환 부안소방서장은 새롭게 의용소방대에 합류한 대원들의 열정과 참여에 감사드린다 며 앞으로도 지역 사회의 든든한 안전지킴이로서 자부심을 가지고 활동해 주시길 바란다 고 전했다.최규현 다른기사저작권자 전라일보 무단전재 및 재배포 금지개의 댓글회원로그인작성자비밀번호댓글 내용입력0 400등록댓글 정렬최신순추천순답글순BEST댓글BEST 댓글답글과 추천수를 합산하여 자동으로 노출됩니다.닫기더보기댓글삭제삭제한 댓글은 다시 복구할 수 없습니다.그래도 삭제하시겠습니까?비밀번호삭제닫기댓글수정댓글 수정은 작성 후 1분내에만 가능합니다.본문 400비밀번호수정닫기내 댓글 모음닫기주요뉴스전주시, 도시환경 변화 맞춰 도시계획 조정 나서 중앙축산, 녹색 익산 만들기 동참전북기계공고 학생들, 정성 모아 장학금 기탁익산시, 중앙동 구도심에 안전 인프라 확충정성주 김제시장, 제21대 대통령선거 투표 독려 캠페인 참여김제시, 미래 특장차세대 성장 프로젝트 시동 지방소멸 대응 본격화전춘성 진안군수, 사전투표 독려 캠페인 참여진안군, 소상공인 카드수수료 최대 30만원 지원많이 본 기사1전주여고 총동창회, 개교 99주년 기념식 정기총회 개최2지방을 살리려면 사람에 대한 세제 혜택부터 시작해야3이재명, 사전투표일에 반드시 투표해달라 4디즈니랜드 유치전5전북 242곳서 제21대 대선 사전투표소 운영 신분증 챙기세요 하단영역하단메뉴매체소개기사제보이용약관개인정보처리방침청소년보호정책저작권보호정책이메일무단수집거부매체정보전북특별자치도 전주시 완산구 전라감영로 75 전라일보 대표전화 063 232 3132팩스 063 284 0705 주 전라일보제호 전라일보등록번호 전북 가 00003등록일 1994 05 23발행일 1994 06 08사업자등록번호 402 81 15601발행 편집인 유현식청소년보호책임자 유동성Copyright 2025 전라일보.Allrights reserved.위로전체메뉴전체기사정치전체정치일반청와대국회 정당행정 의회사회전체사회일반사건 사고법원 검찰보건 의료노동 복지날씨경제전체경제일반금융 주식건설 부동산산업 기업 통신유통 쇼핑 소비자농업 축산 수산업교육전체교육일반초 중 고대학지역전체군산익산정읍남원김제완주진안무주장수임실순창고창부안광주 전남문화전체문화일반공연 전시연극 영화문학 출판문화재종교연예 패션 뷰티스포츠전체스포츠일반생활체육학교체육프로축구 농구김용권 교수의 100세 건강꿀팁기획 시리즈전체특집 종합레저 위크엔드전라일보가 만난 사람농업도 경쟁력이다교육 공동체를 회복하자전북 미래 먹거리 탄소산업박물관 순례전북 문화 아이콘 50선살맛나는 판명사의 발자취를 찾아서농업도 경쟁력이다2016년 신년특집창간 21주년 특집창간 22주년 특집다시보는 백제사농업, 강소농에게 배운다작지만 꿈이 영그는 교정전북1000리길전북 농생명 연구현장동네방네만경강과 동진강이 살아야 새만금이 산다전북 농생명 산업 방향전주시, 자전거 활성화 성공을 꿈꾼다민선 7기 단체장에게 듣는다 호남 젖줄 전북의 강을 살리자스타트업 현장을 가다마을에서 호흡하는 역사의 숨결전북지역 동학농민혁명의 발자취성장하는 전북 농가 가공업음식관광 선진지전주시 온두레공동체포토스토리 다 함께전북학전북 선도기업을 가다청년농업인전북의 가야유네스코와 전북의 유산지역특화 농업현장 포착하다지역의 눈코로나 극복 지역 농산물 함께지역선도 농업인전북 선도농업 연구 지도 현장을 가다침체된 전북관광 활성화 캠핑이 뜬다전북도 중국구이저우성 빅데이터 포럼침체된 전북관광 활성화 캠핑이 뜬다전북유학의 맥전북 오래된 마을 역사와 현재내년 6 1지선전북대 행정대학원 문샷싱킹 명사 특강이동희의 전라감사 열전새만금 돋보기설특집전라일보 주최 농생명수도 도약 위한 전북의 도전과응전 포럼전북도 중국구이저우성 빅데이터 포럼특집2021 전북 농생명산업포럼 4차 산업혁명과 농업전북시간여행카페포토 동영상전체포토동영상창간특집전체선거 지자체장선거전체 선택 2024 4.10 총선 선택 2022 전북 미래가 달렸다6 13 지방선거 여론조사6 13 지방선거6 1 지방선거 여론조사20대 대선20대 대선레저 여행 생활전체진안무주장수임실순창정보오피니언전체사설호남제일문전라포럼기자수첩황화대 이춘구의 세상이야기데스크칼럼인사.알림전체독자기고결혼부음인사알림이번주 주말愛 생활정보 톡톡 the_쉼전체coming soon창간특집전체메뉴닫기",naver_news_api,30202513,http://www.jeollailbo.com/news/articleView.html?idxno=768742,0,0.3910611867904663
한밤중 해변서 해루질하던 60대 女 물에 빠져 숨져,"한밤중 전북 서해에서 해루질 맨손으로 어패류를 잡는 일 하던 60대 여성 2명이 물에 빠져 이 중 1명이 숨졌다. 30일 전북도소방본부에 따르면 전날 오후 11시40분쯤 부안군 변산면 대항리 앞바다 갯바위 인근에서 해루질하던 여성 2명이 바다에 빠져 물살에 떠내려가고 있다는 신고가 접수됐다. 사진 부안해양경찰서 제공 이들은 인근에서 스쿠버 다이빙을 하던 다른 시민에 의해 구조돼 심폐소생술 CPR 등 응급처치를 받았고, 신고를 받고 출동한 119구조대에 의해 인근 병원으로 옮겨졌으나, A 61 씨가 끝내 숨을 거뒀다. B 69 씨는 저체온증 등을 호소해 병원에서 치료를 받았으며 생명에는 지장이 없는 것으로 알려졌다. 해경 등은 A씨가 야간에 갯벌에서 조개를 캐던 중 물때를 맞추지 못해 바다에 고립된 것으로 보고 자세한 사고 경위를 조사 중이다.",naver_news_api,30202513,https://n.news.naver.com/mnews/article/022/0004039716?sid=102,1,0.44536665081977844
"사전투표 둘째날, 전북 오후 2시 45.40%…순창군 61.04%","전주 뉴시스 김얼 기자 제21대 대통령 선거 사전투표 둘째날인 30일 전북 전주시 덕진구 전주실내체육관에 마련된 사전투표소를 찾은 시민들이 투표를 하고 있다. 2025.05.29. 전주 뉴시스 강경호 기자 제21대 대통령 선거 대선 사전투표 이틀째인 30일 오후 2시 기준 전북의 투표율은 45.40 로 집계됐다. 전북 전체 선거인수 151만908명 중 68만5974명이 사전투표를 마쳤다. 시 군별 사전투표율은 전주 완산 41.16 , 전주 덕진 41.03 , 군산 42.27 , 익산 44.59 , 정읍 49.67 , 남원 53.02 , 김제 51.35 , 완주 46.80 , 진안 55.43 , 무주 51.18 , 장수 54.65 , 임실 55.05 , 순창 61.04 , 고창 53.31 , 부안 51.60 등이다. 이번 대선 사전투표는 이날까지 진행된다.",naver_news_api,30202514,https://n.news.naver.com/mnews/article/003/0013276720?sid=102,1,0.4411652982234955
"&quot;김제에서 '황금 라이딩'을 즐겨보세요&quot;…시, 자전거여행 코스 개발",김제시 명품 자전거 도로 여행코스 김제시 전북자치도 김제시가 자전거 자유여행 콘텐츠 활성화 사업을 추진하며 자전거 라이더들의 눈길을 끌고 있다. 30일 시에 따르면 산들강바다 물길따라 김제 황금트래블 자전거여행 을 추진하며 전주 익산 군산 정읍 부안 등 자전거길을 연결하는 중심 허브 역할이 가능하도록 준비하고 있다. 이번에 추진하는 코스는 김제시내 벽골제 편도 8km 구간과 벽골제 심포항 편도 22km 구간으로 코로나19 이후 소그룹 관광객 대응을 위한 콘텐츠 강화와 힐링 치유형 가족소풍형 농촌경관형 캠핑 트레킹형 자전거 라이딩여행 등으로 구분해 진행된다. 특히 각 읍면에 분산 제각각 용도로 쓰여지고 있는 체험휴양 마을 주요시설들을 민간연계 네트워크 협력형 지역관광 체류 숙박 체험 시스템으로 진화시켜 자전거를 타고 느껴보는 농촌만의 경관을 만끽하고 지역의 역사 문화와 일상을 즐길 수 있다. 또 이 구간은 계절별로 색다른 느낌을 제공할 수 있어 지루하지 않고 김제를 꾸준히 찾을 수 있도록 콘텐츠화 한다는 방침이다. 시는 지난 28일 현장실사를 통해 사업 구간에 대한 점검을 실시했으며 오는 6월 중 한 차례 더 현장실사를 추진할 계획이다. 정성주 김제시장은 지평선의 황금들녘과 지역의 역사 문화 생태자원을 활용한 테마형 자전거 여행상품 개발로 김제를 방문한 관광객들에게 다양함을 제공할 수 있도록 노력하겠다 면서 이번 사업이 원활이 추진되면 자전거를 좋아하는 많은 관광객들이 김제에서 아름답고 행복한 추억을 많이 만들어 김제 가 관광객들이 기억하는 도시가 될 것으로 기대된다 고 말했다.,naver_news_api,30202514,https://n.news.naver.com/mnews/article/002/0002391123?sid=102,1,0.3508051037788391
부안 갯바위서 해루질하던 60대 여성 익사,전북 부안 갯바위에서 해루질을 하던 60대 여성이 물에 빠져 숨지는 사고가 발생했다. 30일 전북소방본부에 따르면 전날 오후 11시 40분께 부안군 변산면 대항리 갯바위 인근에서 60대 여성 A씨와 B씨가 어패류를 잡기 위해 바닷물에 들어갔다 변을 당했다. 현장을 지나던 시민들이 두 사람을 발견해 물에서 끌어올리고 심폐소생술을 시도했지만 A씨는 끝내 숨졌다. 함께 있던 B씨는 저체온증 증세로 인근 병원으로 옮겨져 치료를 받고 있다. 두 사람은 지인 사이로 밤 시간 어패류를 채취하러 바닷가로 나섰다가 갑자기 밀려든 물살에 휩쓸린 것으로 알려졌다. 경찰은 목격자 등을 상대로 사고 경위를 조사하고 있다. 한편 5월 1일 충남 서천 비인면 다사항 인근 해변에서 해루질을 하다 실종된 70대 남성이 숨진 채 발견되는 등 해루질 안전사고가 잇따르고 있어 주의가 요구된다. 불법 해루질 단속 모습.,naver_news_api,30202514,https://n.news.naver.com/mnews/article/002/0002391125?sid=102,1,0.4456420838832855
'자전거 타고 김제 여행'···자전거 자유여행 콘텐츠 개발,"이전 기사보기다음 기사보기 자전거 타고 김제 여행 자전거 자유여행 콘텐츠 개발다른 공유 찾기기사스크랩하기본문 글씨 줄이기본문 글씨 키우기스크롤 이동 상태바전국 자전거 타고 김제 여행 자전거 자유여행 콘텐츠 개발윤종술 기자입력 2025.05.30 14 42다른 공유 찾기기사스크랩하기글씨크기본문 글씨 줄이기본문 글씨 키우기인쇄하기이 기사를 공유합니다소풍 힐링 트레킹형 코스 집중 개발김제시가 자전거 자유여행 콘텐츠 활성화 사업을 추진 한다. 사진 김제시전북 김제시가 자전거 자유여행 콘텐츠 활성화 사업을 추진하며 자전거 라이더들의 눈길을 끌고 있다.30일 시에 따르면 산들강바다 물길따라 김제 황금트래블 자전거여행 을 추진하며 전주, 익산, 군산 정읍, 부안 등 자전거길을 연결하는 중심 허브 역할이 가능하도록 준비하고 있다.이번에 추진하는 코스는 김제시내 벽골제 편도 8km , 구간과 벽골제 심포항 편도 22km 구간으로 코로나19 이후 소그룹 관광객 대응을 위한 콘텐츠 강화와 힐링 치유형, 가족소풍형, 농촌경관형, 캠핑 트레킹형, 자전거 라이딩여행 등으로 구분해 진행된다.특히, 각 읍면에 분산, 제각각 용도로 쓰여지고 있는 체험휴양 마을 주요시설들을 민간연계, 네트워크 협력형, 지역관광 체류 숙박 체험 시스템으로 진화시켜 자전거를 타고 느껴보는 농촌만의 경관을 만끽하고 지역의 역사 문화와 일상을 즐길 수 있다. 또, 해당 구간은 계절별로 색다른 느낌을 제공할 수 있어 지루하지 않고 김제를 꾸준히 찾을 수 있도록 콘텐츠화 한다는 방침이다.시는 지난 28일 현장실사를 통해 사업 구간에 대한 점검을 실시했으며 오는 6월 중 한 차례 더 현장실사를 추진할 계획이다.정성주 김제시장은 지평선의 황금들녘과 지역의 역사, 문화, 생태자원을 활용한 테마형 자전거 여행상품 개발로 김제를 방문한 관광객들에게 다양함을 제공할 수 있도록 노력하겠다 면서 이번 사업이 원활이 추진되면 자전거를 좋아하는 많은 관광객들이 김제에서 아름답고 행복한 추억을 많이 만들어, 김제 가 관광객들이 기억하는 도시가 될 것으로 기대된다 고 말했다.윤종술 스마트에프엔 무단전재 및 재배포 금지개의 댓글회원로그인작성자비밀번호댓글 내용입력0 400등록댓글 정렬최신순추천순답글순BEST댓글BEST 댓글답글과 추천수를 합산하여 자동으로 노출됩니다.닫기더보기댓글삭제삭제한 댓글은 다시 복구할 수 없습니다.그래도 삭제하시겠습니까?비밀번호삭제댓글수정댓글 수정은 작성 후 1분내에만 가능합니다.본문 400비밀번호수정내 댓글 모음닫기많이 본 뉴스1 주간금융 이재명 이준석 K 스테이블코인 설전 농협은행 2500만원 횡령 발생2구글까지 TSMC로 삼성 파운드리의 미래는?3 중징계 이석우 두나무 대표, 결국 사임41분기 보험사 순익 15.8 푸본현대 롯데 울고 , 흥국 ABL 웃었다 5용인 원삼 반도체클러스터 열병합발전소 환경영향평가 공정성 논란 안성시 왜 빠졌나?6KB라이프, 서버 해킹 발생 임직원 정보 유출 의심돼7 단독 크루즈 승객 2천명, 주차 난민 신세 부산항만공사,국제여객터미널 주차장 축제 행사장 으로 내줘 논란8 단독 정치권 추진 스테이블코인 국민 70 처음 들어봐 9태광 이호진, 은둔의 경영자 에서 피의자까지10AMD 인텔, 컴퓨텍스 2025서 최신 AI 솔루션 공개 1위 엔비디아 추격",naver_news_api,30202514,https://www.smartfn.co.kr/news/articleView.html?idxno=111188,1,0.3610592484474182
'산들강바다 물길따라' 김제 자전거여행…벽골제~심포항,"농촌경관 치유여행 등 테마별 콘텐츠 구성 김제 뉴시스 고석중 기자 전북 김제시가 자전거 자유여행 콘텐츠 활성화 사업을 추진하고 있다. 30일 시에 따르면 이 사업은 산들강바다 물길따라 김제 황금트래블 자전거여행 라는 테마로 전주, 익산, 군산, 정읍, 부안 등 인근 지역 자전거길과 연계한 중심 허브 역할을 할 수 있도록 기획됐다. 주요 코스는 김제시내에서 벽골제까지 편도 8 , 벽골제에서 심포항까지 편도 22 로 구성된다. 소규모 여행 트렌드에 맞춘 힐링 치유형, 가족소풍형, 농촌경관형, 캠핑 트레킹형, 라이딩 여행형 등 다양한 유형으로 세분화해 운영될 예정이다. 특히 관내 각 읍 면에 분산돼 활용도가 낮았던 체험 휴양마을의 주요 시설들을 민간과 연계한 네트워크 협력형 체류 콘텐츠로 전환할 계획이다. 시는 또 자전거를 타고 농촌의 풍경을 즐기며 지역의 역사 문화 일상까지도 체험할 수 있는 여행상품을 선보이기로 했다. 정성주 김제시장은 김제의 지평선 황금들녘과 지역 고유의 역사, 생태, 문화자원을 활용한 테마형 자전거 여행 콘텐츠로 김제를 찾는 관광객들에게 차별화된 경험을 제공하겠다 고 말했다.",naver_news_api,30202515,https://n.news.naver.com/mnews/article/003/0013277081?sid=102,1,0.37632378935813904
"부안농협·농협생명 전북총국, 농촌학교 위한 교육기부금 전달",지광수 농협생명 전북총국장 뒷줄 오른쪽 과 김원철 부안농협 조합장 뒷줄 왼쪽에서 두번째 이 부안남초등학교에 교육기부금을 전달했다. NH농협생명 전북총국 총국장 지광수 과 부안농협 조합장 김원철 이 5월29일 부안남초등학교 교장 정한상 을 찾아 농촌 지역 초등학교 교육 지원을 위한 교육기부금을 전달했다. 농협생명은 농촌 어린이 후원을 통한 나눔 경영을 실천하고자 전국 10여개의 농촌지역 초등학교에 교육 복지 향상을 위한 기부금을 전달할 예정이다. 전북 지역의 학교로 선정된 부안남초등학교는 1956년 개교한 이래 5000여명의 졸업생을 배출하며 지역 인재의 산실로 주민들과 함께 성장한 학교다. 그럼에도 여느 농촌 지역 초등학교처럼 학생 수 감소 등으로 어려움을 겪고 있는터라 학생들을 위한 교육 지원에 도움이 되고자 소정의 기부금이 전달됐다. 학교는 이날 받은 기부금을 학교 학생들의 교육 복지 증대와 학생 자치활동을 위해 활용할 예정이다. 김원철 조합장은 농촌의 학령인구 감소와 농촌 소멸의 위험성이 커질수록 우리 농협의 역할은 중요해질 것 이라며 앞으로도 우리 농협은 농업과 금융 분야의 지원뿐만 아니라 고령층부터 학생들까지 각종 복지서비스 제공의 중추적 역할을 계속해 나갈 것 이라고 말했다. 지광수 총국장은 농협은 농촌과 상생하고 동반 성장할 때 존재의미가 있다 며 농업 농촌의 소멸을 막고 농촌 사회의 활력 유지를 위해 앞으로도 지역사회 환원사업을 계속해 나갈 것 이라고 말했다. 부안 윤슬기 기자,naver_news_api,30202516,https://n.news.naver.com/mnews/article/662/0000069894?sid=102,1,0.3811640739440918
부안서 해루질하던 2명 물에 빠져…1명 사망,"The 영상 THE 영상 부산 화명동 장미공원 THE영상 천년의 숨을 쉬다 THE영상 고요한 향교의 하루 THE 영상 봄 햇살을 머금은 월미공원 The 영상 부산시민공원 봄꽃숏츠 뉴스체육대회 피켓에 계집신조 ? 10대 여혐 문구 충격신안산선 붕괴 한달 광명 주민들 아직 공포 속 날 무시했다 는 이유로 차철남, 10시간 도주 끝 체포김문수, GTX 전국화 출퇴근 30분 시대 연다 김동연, 도지사직 복귀 민생 추경 시급 이전 기사보기다음 기사보기부안서 해루질하던 2명 물에 빠져 1명 사망바로가기복사하기본문 글씨 줄이기본문 글씨 키우기스크롤 이동 상태바홈전북사회부안서 해루질하던 2명 물에 빠져 1명 사망기자명김달아 기자입력 2025.05.30 16 31수정 2025.05.30 17 11바로가기복사하기본문 글씨 줄이기본문 글씨 키우기이 기사를 공유합니다닫기29일 전북 부안군 해변가에서 해루질하던 여성 2명이 물에 빠져 1명이 숨졌다. 전북자치도소방본부 제공29일 밤 11시 40분쯤 전북 부안군 대항리의 한 해변가에서 해루질하던 여성 2명이 물에 빠져 1명이 숨졌습니다.사고 현장에 있던 다른 시민이 바다에 빠진 두 사람을 구조해 심폐소생술을 했지만, 1명은 끝내 의식을 회복하지 못했습니다.해루질은 주로 밤에 바닷가에서 맨손으로 어패류를 잡는 행위를 말합니다.전북에선 지난해 4월과 2023년 9월에도 해루질을 하다 사망하는 사고가 있었습니다.김달아 보기저작권자 B tv news 무단전재 및 재배포 금지최신기사부안서 해루질하던 2명 물에 빠져 1명 사망 심층3 만졌다간 큰 일 가까이 하긴 너무 먼 너구리 심층2 서울 너구리 얼마나, 왜 많을까? 심층1 도심 속 야생 너구리 떳다...을지로 노후상가 큰불 중구, 이재민 대책 마련 기획2 어릴 적 추억 사라진다 문방구 소멸 이유는?많이 본 뉴스1오산 고인돌공원 오 해피 장미빛 축제 2AI 13시 시보뉴스_수원 송죽동 다세대 주택 붕괴3동탄 초대형 물류센터 설치 화성 오산 갈등 4 속보 부풀었던 수원 송죽동 다세대주택 외벽 결국 붕괴 인명 피해 없어5강북 미아 번동 대규모 재개발 분야별 주요뉴스 심층3 만졌다간 큰 일 가까이 하긴 너무 먼 너구리 심층2 서울 너구리 얼마나, 왜 많을까? 심층1 도심 속 야생 너구리 떳다...차분한 분위기 속 사전투표 소중한 권리 행사 대선 공약 점검 ⑥ 6.3 조기대선 민주당 세종 선거전략은?",naver_news_api,30202516,https://news.skbroadband.com/news/articleView.html?idxno=203757,1,0.3711986839771271
농협 전북본부 '부안갯벌 프로젝트' 부안군에 1000만원 기부,"부안군은 농협은행 전북본부 본부장 김성훈 , 월드비전 전북사업본부 본부장 김동혁 등 3개 기관과 한평生 부안갯벌 프로젝트 기부금 전달식을 개최했다. 부안군 제공, 재판매 및 DB금지 부안 뉴스1 박제철 기자 전북 부안군은 농협은행 전북본부 본부장 김성훈 , 월드비전 전북사업본부 본부장 김동혁 등 3개 기관과 한평생 生 부안갯벌 프로젝트 기부금 전달식을 개최했다고 30일 밝혔다. 농협은행 전북본부 임직원 100명이 모은 기부금 1000만원을 월드비전에 전달했으며, 해당 기부금은 부안갯벌의 생태계 보전과 지역사회 발전을 위해 사용될 예정이다. 한평 生 부안갯벌 프로젝트 는 국민 한 사람이 1평 3.3 의 갯벌을 소유함으로써 사유지 갯벌의 난개발을 막고, 염생식물 식재를 통해 갯벌의 탄소저장능력을 높이는 전국민 갯벌 보전 캠페인이다. 참여자는 갯벌 1평을 구매해 지분등기를 완료하며, 갯벌 현장을 방문해 염생식물을 심고 관리하는 봉사활동에도 참여한다. 권익현 군수는 한평생 부안갯벌 프로젝트는 기후위기에 대응하고 지역경제를 살리는 전국 최초 ESG 민관협력 캠페인 이라며 앞으로도 농협은행, 월드비전과 지속 가능한 상생협력을 위해 최선을 다하겠다 고 밝혔다. 김성훈 전북본부장은 임직원 모두가 뜻을 모아 부안갯벌 보전에 힘을 보탤 수 있어 뜻깊다 며 이번 기부금이 부안갯벌 생태계 보전과 지역사회에 긍정적인 변화를 가져오길 바란다 고 전했다.",naver_news_api,30202516,https://n.news.naver.com/mnews/article/421/0008285901?sid=102,1,0.35412663221359253
부안서 해루질하던 60대 숨져…해경 &quot;구명조끼 필수&quot;,"이전 기사보기다음 기사보기부안서 해루질하던 60대 숨져 해경 구명조끼 필수 바로가기복사하기본문 글씨 줄이기본문 글씨 키우기스크롤 이동 상태바사회부안서 해루질하던 60대 숨져 해경 구명조끼 필수 기자명이나라 기자입력 2025.05.30 16 58댓글 0추천페이스북 으 로 기사보내기트위터 으 로 기사보내기URL복사 으 로 기사보내기다른 공유 찾기바로가기본문 글씨 키우기본문 글씨 줄이기이 기사를 공유합니다페이스북 으 로 기사보내기트위터 으 로 기사보내기URL복사 으 로 기사보내기닫기 앵커 밤에 갯벌이나 얕은 바다에서 맨손으로 조개 등을 잡는 행위를 해루질이라고 하는데요.매년 해루질로 인한 사고가 끊이지 않고 있습니다.지난 29일 부안에서도 해루질을 하던 주민이 물에 빠져 숨지는 사고가 났는데요.구명조끼도 입지 않은 채 밤바다에 들어가 해루질하다 목숨까지 잃은 것으로 드러났습니다.이나라 기자입니다. 리포트 제공 부안해양경찰서지난 29일, 자정에 가까운 11시 40분.부안군 변산면의 한 해변에서 사람이 물에 빠져 떠내려간다 는 신고가 소방서에 접수됐습니다.해루질하던 동네 여성 두 명이 물에 빠진 것을 근처에 있던 시민 두 명이 발견하고 신고한 겁니다. 기자 시민들은 여성들을 구조해 저기 뒤로 보이는 갯바위로 옮겼습니다. 여성 중 한 명은 심정지 상태였습니다. 부안해양경찰과 소방대원 등은 갯바위에 고립된 이들을 육지로 이송하고 저체온 증상을 보이는 여성을 병원으로 옮겼습니다.심정지 상태이던 60대 여성은 끝내 목숨을 잃었습니다.부안 갯벌에서 해루질하는 사람들최근 3년간 부안 고창 해역에서 해루질하다 고립되는 등의 사고는 매년 발생했고 2명이 숨졌습니다.문제는 사람들 대다수가 바닷속에 들어가 해루질할 때 구명조끼를 입지 않는다는 겁니다.낚싯배 등을 탈 때는 구명조끼를 의무적으로 착용해야 하지만, 해루질에 대해서는 법적 장치가 없는 상황.해경은 이번 사고 당시, 바닷물 높이는 허리 정도였지만 피해자가 바위 사이같이 깊은 곳에 빠진 것으로 보고 있습니다.또 피해자가 구명조끼를 입지 않아 더욱 당황했을 것으로 예측했습니다.구명조끼를 입지 않고 해루질 하러 바다에 들어가는 사람. 김진영 부안군 변산파출소 경위 구명조끼를 반드시 착용해 주시고, 항상 야간에는 2인 이상 동행은 필수입니다. 여기는 암반 지대 밑이 미끄러워서 만약에 빠지거나 옆에서 한 분이 사고가 났을 때는 바로 소리를 지르시거나 신고를 할 수 있습니다. 특히, 밤에 하는 해루질은 주변이 잘 보이지 않아 바다의 불빛을 육지로 착각하고 물에 더 깊이 들어가기도 해 위험합니다.해경은 더 이상의 해루질 사고를 막기 위해 육지에 경광등을 설치하는 방안 등을 검토하고 있습니다.헬로tv 뉴스 이나라입니다.취재기자 이나라영상취재 장민성헬로tv뉴스유튜브에서 헬로tv뉴스를 구독해주세요! 제보 카카오톡 헬로tv뉴스 검색 후 채널 추가이나라 해루질 해루질 고립 부안해경 해루질 구명조끼 해양 사고 바다 사고 해루질 사망저작권자 LG헬로비전 무단전재 및 재배포 금지이 기사를 추천합니다1SNS 기사보내기페이스북 으 로 기사보내기트위터 으 로 기사보내기URL복사 으 로 기사보내기 북항 야구장 부산에 바다 보는 야구장 생길까주요 뉴스 마지막 경고 애슬레틱스처럼 NC 떠날까? 부산 울산 중소기업 경기전망 또 하락 고흥서 민간개발 시험발사체 발사 성공 국내 최초 영암서 손 모내기 눈길 탄소 줄이고 전통지켜강릉단오제 대표 행사 길놀이 도심 축제 한마당거꾸로 인생학교 배움엔 나이가 없다 개의 댓글댓글작성작성자비밀번호댓글 내용입력0 400등록댓글 정렬최신순추천순답글순BEST댓글BEST 댓글답글과 추천수를 합산하여 자동으로 노출됩니다.닫기더보기댓글삭제삭제한 댓글은 다시 복구할 수 없습니다.그래도 삭제하시겠습니까?비밀번호삭제닫기댓글수정댓글 수정은 작성 후 1분내에만 가능합니다.본문 400비밀번호수정닫기내 댓글 모음닫기헬로 리더스 어워드 특집 대담 도성훈 인천시교육감 결대로 성장하는 인천 교육 특집 대담 이상호 태백시장 청정에너지 도시로 부활 특집 대담 이상근 고성군수 다채로운 매력의 도시, 경남 고성 특집 대담 신현국 문경시장 시민만 바라보고 더욱 노력할 것 특집 대담 김미경 은평구청장 구민과의 소통 최우선 특집 대담 최영일 순창군수 순창형 복지 이뤄낼 것 특집 대담 이완섭 서산시장 지역의 미래 기반 탄탄히 다질 것 신현국 문경시장, 헬로 리더스 어워드 수상 문화혁신 리더 부문최신뉴스 다시보기 헬로tv뉴스 경남 2025년 5월 30일안동호 상류 일부 도선 운항 중단 우박 피해 농작물 사후관리 중요 카드뉴스 양귀비꽃 물든 청송, 산불 딛고 피어나다 다시보기 헬로tv뉴스 부산 2025년 5월 30일 경북에 희망을_산불피해 성금 모금현황 0529기준",naver_news_api,30202516,http://news.lghellovision.net/news/articleView.html?idxno=508329,1,0.3520447015762329
농협은행 전북본부 '부안 갯벌 프로젝트' 1천만 원 기부,"이전 기사보기다음 기사보기농협은행 전북본부 부안 갯벌 프로젝트 1천만 원 기부바로가기복사하기본문 글씨 줄이기본문 글씨 키우기스크롤 이동 상태바자치행정농협은행 전북본부 부안 갯벌 프로젝트 1천만 원 기부기자명이나라 기자입력 2025.05.30 16 58댓글 0추천페이스북 으 로 기사보내기트위터 으 로 기사보내기URL복사 으 로 기사보내기다른 공유 찾기바로가기본문 글씨 키우기본문 글씨 줄이기이 기사를 공유합니다페이스북 으 로 기사보내기트위터 으 로 기사보내기URL복사 으 로 기사보내기닫기제공 부안군농협은행 전북본부가 부안 지역 갯벌 생태계 보전 프로젝트에 1천만 원을 기탁했습니다.부안군은 농협 전북본부 임직원 백명 이 모은 천만 원이 월드비전에 전달됐다며, 기부금은 갯벌을 지키고 지역사회 발전을 위해 쓸 예정이라고 밝혔습니다.부안군은 월드비전과 함께 사유지인 부안 갯벌을 한 사람당 한 평씩 구매해 난개발을 막는 한평생 프로젝트 를 하고 있습니다. 김성훈 농협은행 전북본부장 농협은행 전북본부 임직원 모두가 갯벌 한 평의 기적의 힘을 모아 지구를 지키고 지역을 살리는 데 앞장서겠습니다. 헬로tv뉴스유튜브에서 헬로tv뉴스를 구독해주세요! 제보 카카오톡 헬로tv뉴스 검색 후 채널 추가이나라 갯벌 생태계 보전 프로젝트 농협은행 전북본부 기부 월드비전 갯벌 한평생 프로젝트 부안 갯벌 한평생 프로젝트 부안 한평생 프로젝트저작권자 LG헬로비전 무단전재 및 재배포 금지이 기사를 추천합니다1SNS 기사보내기페이스북 으 로 기사보내기트위터 으 로 기사보내기URL복사 으 로 기사보내기 북항 야구장 부산에 바다 보는 야구장 생길까주요 뉴스 마지막 경고 애슬레틱스처럼 NC 떠날까? 부산 울산 중소기업 경기전망 또 하락 고흥서 민간개발 시험발사체 발사 성공 국내 최초 영암서 손 모내기 눈길 탄소 줄이고 전통지켜강릉단오제 대표 행사 길놀이 도심 축제 한마당거꾸로 인생학교 배움엔 나이가 없다 개의 댓글댓글작성작성자비밀번호댓글 내용입력0 400등록댓글 정렬최신순추천순답글순BEST댓글BEST 댓글답글과 추천수를 합산하여 자동으로 노출됩니다.닫기더보기댓글삭제삭제한 댓글은 다시 복구할 수 없습니다.그래도 삭제하시겠습니까?비밀번호삭제닫기댓글수정댓글 수정은 작성 후 1분내에만 가능합니다.본문 400비밀번호수정닫기내 댓글 모음닫기헬로 리더스 어워드 특집 대담 도성훈 인천시교육감 결대로 성장하는 인천 교육 특집 대담 이상호 태백시장 청정에너지 도시로 부활 특집 대담 이상근 고성군수 다채로운 매력의 도시, 경남 고성 특집 대담 신현국 문경시장 시민만 바라보고 더욱 노력할 것 특집 대담 김미경 은평구청장 구민과의 소통 최우선 특집 대담 최영일 순창군수 순창형 복지 이뤄낼 것 특집 대담 이완섭 서산시장 지역의 미래 기반 탄탄히 다질 것 신현국 문경시장, 헬로 리더스 어워드 수상 문화혁신 리더 부문최신뉴스 다시보기 헬로tv뉴스 경남 2025년 5월 30일안동호 상류 일부 도선 운항 중단 우박 피해 농작물 사후관리 중요 카드뉴스 양귀비꽃 물든 청송, 산불 딛고 피어나다 다시보기 헬로tv뉴스 부산 2025년 5월 30일 경북에 희망을_산불피해 성금 모금현황 0529기준",naver_news_api,30202516,http://news.lghellovision.net/news/articleView.html?idxno=508345,1,0.35226354002952576
